Workbook

Sheet Hoja1
A1: ESTATUS | B1: FECHA DE CAPTURA | C1: Folio SIAC | D1: PAGO PROMOTOR | E1: PAGO GERENTE | F1: MOROSIDAD | G1: NOMBRE PROMOTOR | H1: FECHA POSTEO | I1: PAQUETE | J1: LINEA CONTRATADA | K1: AREA | L1: ESTRATEGIA | M1: CLAVE PROMOTOR | N1: ORDEN DE SERVICIO | O1: TELEFONO | P1: IENDA | Q1: ETAPA PISA | R1: TEL PAGO | S1: TIPO DE CLIENTE | T1: ZONA | U1: Observaciones Telmex | V1: DISTRITO | W1: COLONIA
A2: POSTEADA | B2: 46036 | C2: 151295869 | D2: =IFERROR(SUMIF(Servicios_Promotores!$B:$B,C2,Servicios_Promotores!$R:$R),0) -> 0 | E2: =IFERROR(SUMIF(Pago_GERE!$B:$B,C2,Pago_GERE!$R:$R),0) -> 0 | F2: =IFERROR(SUMIF(Hoja2!$H:$H,C2,Hoja2!$U:$U),0) -> 0 | G2: =IFERROR(VLOOKUP(C2,Hoja3!$C:$D,2,FALSE),"") -> 0 | H2: 46038 | I2: PQI37-PAQUETE CONECTES NEGOCIO | J2: LINEA PORTADA | K2: UNIVERSIDAD | L2: 10001013 | M2: 325078 | N2: 21725726 | O2: 5521563650 | P2: CAT XOCHIMILCO | Q2: PF | R2: 5521563650 | S2: COMERCIAL | T2: INBURSA-XOCHIMILCO | V2: SS_0011 | W2: SAN JOSE ZACATEPEC
A3: POSTEADA | B3: 46036 | C3: 151295939 | D3: =IFERROR(SUMIF(Servicios_Promotores!$B:$B,C3,Servicios_Promotores!$R:$R),0) -> 0 | E3: =IFERROR(SUMIF(Pago_GERE!$B:$B,C3,Pago_GERE!$R:$R),0) -> 0 | F3: =IFERROR(SUMIF(Hoja2!$H:$H,C3,Hoja2!$U:$U),0) -> 1891 | G3: =IFERROR(VLOOKUP(C3,Hoja3!$C:$D,2,FALSE),"") -> 0 | H3: 46050 | I3: INF19-PAQUETE 389 | J3: LINEA NUEVA | K3: ERMITA-TLAHUAC | L3: 10001013 | M3: 325078 | N3: 21690558 | O3: 5551311419 | P3: CAT TLAHUAC | Q3: PF | R3: 5551311419 | S3: RESIDENCIAL | T3: TLAHUAC | V3: TW_0001 | W3: TLAXIXILCO
A4: POSTEADA | B4: 46035 | C4: 151292351 | D4: =IFERROR(SUMIF(Servicios_Promotores!$B:$B,C4,Servicios_Promotores!$R:$R),0) -> 0 | E4: =IFERROR(SUMIF(Pago_GERE!$B:$B,C4,Pago_GERE!$R:$R),0) -> 0 | F4: =IFERROR(SUMIF(Hoja2!$H:$H,C4,Hoja2!$U:$U),0) -> 0 | G4: =IFERROR(VLOOKUP(C4,Hoja3!$C:$D,2,FALSE),"") -> 0 | H4: 46044 | I4: PFR24-INFINITUM NEGOCIO 349 | J4: LINEA NUEVA | K4: BALBUENA | L4: 10001013 | M4: 325078 | N4: 21608295 | O4: 5557252453 | P4: CAT BALBUENA | Q4: PF | R4: 5557252453 | S4: COMERCIAL | T4: BALBUENA | V4: BA_0082 | W4: MERCED BALBUENA
A5: POSTEADA | B5: 46035 | C5: 151293880 | D5: =IFERROR(SUMIF(Servicios_Promotores!$B:$B,C5,Servicios_Promotores!$R:$R),0) -> 0 | E5: =IFERROR(SUMIF(Pago_GERE!$B:$B,C5,Pago_GERE!$R:$R),0) -> 0 | F5: =IFERROR(SUMIF(Hoja2!$H:$H,C5,Hoja2!$U:$U),0) -> 997 | G5: =IFERROR(VLOOKUP(C5,Hoja3!$C:$D,2,FALSE),"") -> 0 | H5: 46041 | I5: PQI43-PAQUETE 499 | J5: LINEA PORTADA | K5: BALBUENA | L5: 10001013 | M5: 325078 | N5: 21790454 | O5: 5557252452 | P5: CAT BALBUENA | Q5: PF | R5: 5557252452 | S5: RESIDENCIAL | T5: BALBUENA | V5: BA_0051 | W5: LORENZO BOTURINI
A6: POSTEADA | B6: 46032 | C6: 151288035 | D6: =IFERROR(SUMIF(Servicios_Promotores!$B:$B,C6,Servicios_Promotores!$R:$R),0) -> 0 | E6: =IFERROR(SUMIF(Pago_GERE!$B:$B,C6,Pago_GERE!$R:$R),0) -> 0 | F6: =IFERROR(SUMIF(Hoja2!$H:$H,C6,Hoja2!$U:$U),0) -> 0 | G6: =IFERROR(VLOOKUP(C6,Hoja3!$C:$D,2,FALSE),"") -> 0 | H6: 46035 | I6: PFR39-INFINITUM 349 | J6: LINEA NUEVA | K6: BALBUENA | L6: 10001013 | M6: 325078 | N6: 21574172 | O6: 5543176015 | P6: CAT MALINCHE | Q6: PF | R6: 5543176015 | S6: RESIDENCIAL | T6: BALBUENA | V6: ML_0096 | W6: CENTRO
A7: POSTEADA | B7: 46030 | C7: 151284161 | D7: =IFERROR(SUMIF(Servicios_Promotores!$B:$B,C7,Servicios_Promotores!$R:$R),0) -> 0 | E7: =IFERROR(SUMIF(Pago_GERE!$B:$B,C7,Pago_GERE!$R:$R),0) -> 0 | F7: =IFERROR(SUMIF(Hoja2!$H:$H,C7,Hoja2!$U:$U),0) -> 979 | G7: =IFERROR(VLOOKUP(C7,Hoja3!$C:$D,2,FALSE),"") -> 0 | H7: 46036 | I7: INF19-PAQUETE 389 | J7: LINEA NUEVA | K7: LINDAVISTA | L7: 10001013 | M7: 325078 | N7: 21506817 | O7: 5591749062 | P7: CAT PARQUE VIA | Q7: PF | R7: 5591749062 | S7: RESIDENCIAL | T7: SANTA MARIA-GUERRERO | V7: AP_0030 | W7: MORELOS
A8: POSTEADA | B8: 46030 | C8: 151284228 | D8: =IFERROR(SUMIF(Servicios_Promotores!$B:$B,C8,Servicios_Promotores!$R:$R),0) -> 0 | E8: =IFERROR(SUMIF(Pago_GERE!$B:$B,C8,Pago_GERE!$R:$R),0) -> 0 | F8: =IFERROR(SUMIF(Hoja2!$H:$H,C8,Hoja2!$U:$U),0) -> 0 | G8: =IFERROR(VLOOKUP(C8,Hoja3!$C:$D,2,FALSE),"") -> 0 | H8: 46036 | I8: INF19-PAQUETE 389 | J8: LINEA PORTADA | K8: BALBUENA | L8: 10001013 | M8: 325078 | N8: 21679176 | O8: 5557716381 | P8: CAT MALINCHE | Q8: PF | R8: 5557716381 | S8: RESIDENCIAL | T8: BALBUENA | V8: AG_0143 | W8: LA JOYA
A9: POSTEADA | B9: 46024 | C9: 151273163 | D9: =IFERROR(SUMIF(Servicios_Promotores!$B:$B,C9,Servicios_Promotores!$R:$R),0) -> 0 | E9: =IFERROR(SUMIF(Pago_GERE!$B:$B,C9,Pago_GERE!$R:$R),0) -> 0 | F9: =IFERROR(SUMIF(Hoja2!$H:$H,C9,Hoja2!$U:$U),0) -> 1098 | G9: =IFERROR(VLOOKUP(C9,Hoja3!$C:$D,2,FALSE),"") -> 0 | H9: 46028 | I9: PFR39-INFINITUM 349 | J9: LINEA NUEVA | K9: SOTELO | L9: 10001013 | M9: 325078 | N9: 21402994 | O9: 5581646651 | P9: CAT CUAJIMALPA | Q9: PF | R9: 5581646651 | S9: RESIDENCIAL | T9: CUAJIMALPA-INTERLOMAS | V9: CUJ0108 | W9: CUAJIMALPA
A10: ABIERTA | B10: 46032 | C10: 151288061 | D10: =IFERROR(SUMIF(Servicios_Promotores!$B:$B,C10,Servicios_Promotores!$R:$R),0) -> 0 | E10: =IFERROR(SUMIF(Pago_GERE!$B:$B,C10,Pago_GERE!$R:$R),0) -> 0 | F10: =IFERROR(SUMIF(Hoja2!$H:$H,C10,Hoja2!$U:$U),0) -> 0 | G10: =IFERROR(VLOOKUP(C10,Hoja3!$C:$D,2,FALSE),"") -> 0 | I10: PFR24-INFINITUM NEGOCIO 349 | J10: LINEA NUEVA | K10: UNIVERSIDAD | L10: 10000064 | M10: 326925 | N10: 21562810 | O10: 5556412870 | P10: CAT XOCHIMILCO | Q10: MC | R10: 5556412870 | S10: COMERCIAL | T10: INBURSA-XOCHIMILCO
A11: ABIERTA | B11: 46028 | C11: 151279638 | D11: =IFERROR(SUMIF(Servicios_Promotores!$B:$B,C11,Servicios_Promotores!$R:$R),0) -> 0 | E11: =IFERROR(SUMIF(Pago_GERE!$B:$B,C11,Pago_GERE!$R:$R),0) -> 0 | F11: =IFERROR(SUMIF(Hoja2!$H:$H,C11,Hoja2!$U:$U),0) -> 0 | G11: =IFERROR(VLOOKUP(C11,Hoja3!$C:$D,2,FALSE),"") -> 0 | I11: PFR39-INFINITUM 349 | J11: LINEA NUEVA | K11: ERMITA-TLAHUAC | L11: 10000064 | M11: 326925 | N11: 21458441 | O11: 0000000000 | P11: CAT TLAHUAC | Q11: MC | R11: 0000000000 | S11: RESIDENCIAL | T11: TLAHUAC | V11: NES0061
A12: ABIERTA | B12: 46024 | C12: 151273210 | D12: =IFERROR(SUMIF(Servicios_Promotores!$B:$B,C12,Servicios_Promotores!$R:$R),0) -> 0 | E12: =IFERROR(SUMIF(Pago_GERE!$B:$B,C12,Pago_GERE!$R:$R),0) -> 0 | F12: =IFERROR(SUMIF(Hoja2!$H:$H,C12,Hoja2!$U:$U),0) -> 0 | G12: =IFERROR(VLOOKUP(C12,Hoja3!$C:$D,2,FALSE),"") -> 0 | I12: PQI37-PAQUETE CONECTES NEGOCIO | J12: LINEA NUEVA | K12: BALBUENA | L12: 10000064 | M12: 326925 | N12: 21366500 | O12: 0000000000 | P12: CAT MIXHUCA | Q12: MC | R12: 0000000000 | S12: COMERCIAL | T12: BALBUENA | V12: NES0061
A13: POSTEADA | B13: 46032 | C13: 151288488 | D13: =IFERROR(SUMIF(Servicios_Promotores!$B:$B,C13,Servicios_Promotores!$R:$R),0) -> 0 | E13: =IFERROR(SUMIF(Pago_GERE!$B:$B,C13,Pago_GERE!$R:$R),0) -> 0 | F13: =IFERROR(SUMIF(Hoja2!$H:$H,C13,Hoja2!$U:$U),0) -> 0 | G13: =IFERROR(VLOOKUP(C13,Hoja3!$C:$D,2,FALSE),"") -> 0 | H13: 46038 | I13: PQI43-PAQUETE 499 | J13: LINEA PORTADA | K13: VALLE-SAN JUAN | L13: 10000064 | M13: 326925 | N13: 21563486 | O13: 5586246471 | P13: CAT PORTALES | Q13: PF | R13: 5586246471 | S13: RESIDENCIAL | T13: VALLE | V13: PO_0132 | W13: REFORMA IZTACCIHUATL SUR
A14: POSTEADA | B14: 46031 | C14: 151286563 | D14: =IFERROR(SUMIF(Servicios_Promotores!$B:$B,C14,Servicios_Promotores!$R:$R),0) -> 0 | E14: =IFERROR(SUMIF(Pago_GERE!$B:$B,C14,Pago_GERE!$R:$R),0) -> 0 | F14: =IFERROR(SUMIF(Hoja2!$H:$H,C14,Hoja2!$U:$U),0) -> 0 | G14: =IFERROR(VLOOKUP(C14,Hoja3!$C:$D,2,FALSE),"") -> 0 | H14: 46035 | I14: PQI37-PAQUETE CONECTES NEGOCIO | J14: LINEA PORTADA | K14: UNIVERSIDAD | L14: 10000064 | M14: 326925 | N14: 21622890 | O14: 5555555351 | P14: CAT XOCHIMILCO | Q14: PF | R14: 5555555351 | S14: COMERCIAL | T14: INBURSA-XOCHIMILCO | V14: XO_0062 | W14: BARRIO SAN MARCOS
A15: POSTEADA | B15: 46029 | C15: 151281955 | D15: =IFERROR(SUMIF(Servicios_Promotores!$B:$B,C15,Servicios_Promotores!$R:$R),0) -> 0 | E15: =IFERROR(SUMIF(Pago_GERE!$B:$B,C15,Pago_GERE!$R:$R),0) -> 0 | F15: =IFERROR(SUMIF(Hoja2!$H:$H,C15,Hoja2!$U:$U),0) -> 1070 | G15: =IFERROR(VLOOKUP(C15,Hoja3!$C:$D,2,FALSE),"") -> 0 | H15: 46031 | I15: PQI42-PAQUETE 435 | J15: LINEA NUEVA | K15: UNIVERSIDAD | L15: 10000064 | M15: 326925 | N15: 21482115 | O15: 5555558619 | P15: CAT XOCHIMILCO | Q15: PF | R15: 5555558619 | S15: RESIDENCIAL | T15: INBURSA-XOCHIMILCO | V15: XO_0193 | W15: PUEBLO SANTA CRUZ XOCHITEPEC
A16: POSTEADA | B16: 46029 | C16: 151280950 | D16: =IFERROR(SUMIF(Servicios_Promotores!$B:$B,C16,Servicios_Promotores!$R:$R),0) -> 0 | E16: =IFERROR(SUMIF(Pago_GERE!$B:$B,C16,Pago_GERE!$R:$R),0) -> 0 | F16: =IFERROR(SUMIF(Hoja2!$H:$H,C16,Hoja2!$U:$U),0) -> 0 | G16: =IFERROR(VLOOKUP(C16,Hoja3!$C:$D,2,FALSE),"") -> 0 | H16: 46031 | I16: INF19-PAQUETE 389 | J16: LINEA PORTADA | K16: UNIVERSIDAD | L16: 10000064 | M16: 326925 | N16: 21460315 | O16: 5593879533 | P16: CAT XOCHIMILCO | Q16: PF | R16: 5593879533 | S16: RESIDENCIAL | T16: INBURSA-XOCHIMILCO | V16: XO_0079 | W16: SANTIAGO TEPALCATLALPAN
A17: POSTEADA | B17: 46029 | C17: 151281559 | D17: =IFERROR(SUMIF(Servicios_Promotores!$B:$B,C17,Servicios_Promotores!$R:$R),0) -> 0 | E17: =IFERROR(SUMIF(Pago_GERE!$B:$B,C17,Pago_GERE!$R:$R),0) -> 0 | F17: =IFERROR(SUMIF(Hoja2!$H:$H,C17,Hoja2!$U:$U),0) -> 896 | G17: =IFERROR(VLOOKUP(C17,Hoja3!$C:$D,2,FALSE),"") -> 0 | H17: 46038 | I17: PFR39-INFINITUM 349 | J17: LINEA NUEVA | K17: UNIVERSIDAD | L17: 10000064 | M17: 326925 | N17: 21483063 | O17: 5556413431 | P17: CAT XOCHIMILCO | Q17: PF | R17: 5556413431 | S17: RESIDENCIAL | T17: INBURSA-XOCHIMILCO | V17: XO_0051 | W17: PUEBLO SANTA CRUZ XOCHITEPEC
A18: POSTEADA | B18: 46029 | C18: 151281785 | D18: =IFERROR(SUMIF(Servicios_Promotores!$B:$B,C18,Servicios_Promotores!$R:$R),0) -> 0 | E18: =IFERROR(SUMIF(Pago_GERE!$B:$B,C18,Pago_GERE!$R:$R),0) -> 0 | F18: =IFERROR(SUMIF(Hoja2!$H:$H,C18,Hoja2!$U:$U),0) -> 598 | G18: =IFERROR(VLOOKUP(C18,Hoja3!$C:$D,2,FALSE),"") -> 0 | H18: 46034 | I18: PFR34-INFINITUM 399 | J18: LINEA NUEVA | K18: UNIVERSIDAD | L18: 10000064 | M18: 326925 | N18: 21482357 | O18: 5555559599 | P18: CAT XOCHIMILCO | Q18: PF | R18: 5555559599 | S18: RESIDENCIAL | T18: INBURSA-XOCHIMILCO | V18: XO_0193 | W18: PUEBLO SANTA CRUZ XOCHITEPEC
A19: POSTEADA | B19: 46029 | C19: 151281134 | D19: =IFERROR(SUMIF(Servicios_Promotores!$B:$B,C19,Servicios_Promotores!$R:$R),0) -> 0 | E19: =IFERROR(SUMIF(Pago_GERE!$B:$B,C19,Pago_GERE!$R:$R),0) -> 0 | F19: =IFERROR(SUMIF(Hoja2!$H:$H,C19,Hoja2!$U:$U),0) -> 0 | G19: =IFERROR(VLOOKUP(C19,Hoja3!$C:$D,2,FALSE),"") -> 0 | H19: 46030 | I19: PFR39-INFINITUM 349 | J19: LINEA NUEVA | K19: UNIVERSIDAD | L19: 10000064 | M19: 326925 | N19: 21461756 | O19: 5556413904 | P19: CAT XOCHIMILCO | Q19: PF | R19: 5556413904 | S19: RESIDENCIAL | T19: INBURSA-XOCHIMILCO | V19: XO_0193 | W19: PUEBLO SANTA CRUZ XOCHITEPEC
A20: POSTEADA | B20: 46028 | C20: 151278693 | D20: =IFERROR(SUMIF(Servicios_Promotores!$B:$B,C20,Servicios_Promotores!$R:$R),0) -> 0 | E20: =IFERROR(SUMIF(Pago_GERE!$B:$B,C20,Pago_GERE!$R:$R),0) -> 0 | F20: =IFERROR(SUMIF(Hoja2!$H:$H,C20,Hoja2!$U:$U),0) -> 1021 | G20: =IFERROR(VLOOKUP(C20,Hoja3!$C:$D,2,FALSE),"") -> 0 | H20: 46030 | I20: PQI37-PAQUETE CONECTES NEGOCIO | J20: LINEA NUEVA | K20: UNIVERSIDAD | L20: 10000064 | M20: 326925 | N20: 21434297 | O20: 5559297099 | P20: CAT XOCHIMILCO | Q20: PF | R20: 5559297099 | S20: COMERCIAL | T20: INBURSA-XOCHIMILCO | V20: AD_0003 | W20: PUEBLO SANTA CECILIA TEPETLAPA
A21: POSTEADA | B21: 46028 | C21: 151279087 | D21: =IFERROR(SUMIF(Servicios_Promotores!$B:$B,C21,Servicios_Promotores!$R:$R),0) -> 0 | E21: =IFERROR(SUMIF(Pago_GERE!$B:$B,C21,Pago_GERE!$R:$R),0) -> 0 | F21: =IFERROR(SUMIF(Hoja2!$H:$H,C21,Hoja2!$U:$U),0) -> 0 | G21: =IFERROR(VLOOKUP(C21,Hoja3!$C:$D,2,FALSE),"") -> 0 | H21: 46030 | I21: INF19-PAQUETE 389 | J21: LINEA PORTADA | K21: UNIVERSIDAD | L21: 10000064 | M21: 326925 | N21: 21438310 | O21: 5563772143 | P21: CAT XOCHIMILCO | Q21: PF | R21: 5563772143 | S21: RESIDENCIAL | T21: INBURSA-XOCHIMILCO | V21: AD_0001 | W21: PUEBLO SANTA CECILIA TEPETLAPA
A22: POSTEADA | B22: 46027 | C22: 151277757 | D22: =IFERROR(SUMIF(Servicios_Promotores!$B:$B,C22,Servicios_Promotores!$R:$R),0) -> 0 | E22: =IFERROR(SUMIF(Pago_GERE!$B:$B,C22,Pago_GERE!$R:$R),0) -> 0 | F22: =IFERROR(SUMIF(Hoja2!$H:$H,C22,Hoja2!$U:$U),0) -> 0 | G22: =IFERROR(VLOOKUP(C22,Hoja3!$C:$D,2,FALSE),"") -> 0 | H22: 46028 | I22: PFR39-INFINITUM 349 | J22: LINEA NUEVA | K22: UNIVERSIDAD | L22: 10000064 | M22: 326925 | N22: 21425751 | O22: 5556185394 | P22: CAT UNIVERSIDAD | Q22: PF | R22: 5556185394 | S22: RESIDENCIAL | T22: COAPA-UNIVERSIDAD | V22: IT_0032 | W22: AJUSCO
A23: POSTEADA | B23: 46027 | C23: 151277736 | D23: =IFERROR(SUMIF(Servicios_Promotores!$B:$B,C23,Servicios_Promotores!$R:$R),0) -> 0 | E23: =IFERROR(SUMIF(Pago_GERE!$B:$B,C23,Pago_GERE!$R:$R),0) -> 0 | F23: =IFERROR(SUMIF(Hoja2!$H:$H,C23,Hoja2!$U:$U),0) -> 0 | G23: =IFERROR(VLOOKUP(C23,Hoja3!$C:$D,2,FALSE),"") -> 0 | H23: 46035 | I23: PFR39-INFINITUM 349 | J23: LINEA NUEVA | K23: UNIVERSIDAD | L23: 10000064 | M23: 326925 | N23: 21424046 | O23: 5556184038 | P23: CAT UNIVERSIDAD | Q23: PF | R23: 5556184038 | S23: RESIDENCIAL | T23: COAPA-UNIVERSIDAD | V23: IT_0010 | W23: PEDREGAL DE SANTO DOMINGO
B24: 46024 | C24: 151273360 | D24: =IFERROR(SUMIF(Servicios_Promotores!$B:$B,C24,Servicios_Promotores!$R:$R),0) -> 0 | E24: =IFERROR(SUMIF(Pago_GERE!$B:$B,C24,Pago_GERE!$R:$R),0) -> 0 | F24: =IFERROR(SUMIF(Hoja2!$H:$H,C24,Hoja2!$U:$U),0) -> 0 | G24: =IFERROR(VLOOKUP(C24,Hoja3!$C:$D,2,FALSE),"") -> 0 | I24: PFR39-INFINITUM 349 | J24: LINEA NUEVA | K24: SOTELO | L24: 10000064 | M24: 326925 | N24: 151273360 | P24: CAT CUAJIMALPA | S24: RESIDENCIAL | T24: CUAJIMALPA-INTERLOMAS | U24: NO ELABORADA DOMICILIO INCORRECTO | V24: NES0061
A25: ABIERTA | B25: 46024 | C25: 151273695 | D25: =IFERROR(SUMIF(Servicios_Promotores!$B:$B,C25,Servicios_Promotores!$R:$R),0) -> 0 | E25: =IFERROR(SUMIF(Pago_GERE!$B:$B,C25,Pago_GERE!$R:$R),0) -> 0 | F25: =IFERROR(SUMIF(Hoja2!$H:$H,C25,Hoja2!$U:$U),0) -> 0 | G25: =IFERROR(VLOOKUP(C25,Hoja3!$C:$D,2,FALSE),"") -> 0 | I25: PQI70-PAQUETE 725 | J25: LINEA PORTADA | K25: UNIVERSIDAD | L25: 10000064 | M25: 329069 | N25: 21397197 | O25: 5593710411 | P25: CAT UNIVERSIDAD | Q25: MC | R25: 5593710411 | S25: RESIDENCIAL | T25: COAPA-UNIVERSIDAD
B26: 46024 | C26: 151273616 | D26: =IFERROR(SUMIF(Servicios_Promotores!$B:$B,C26,Servicios_Promotores!$R:$R),0) -> 0 | E26: =IFERROR(SUMIF(Pago_GERE!$B:$B,C26,Pago_GERE!$R:$R),0) -> 0 | F26: =IFERROR(SUMIF(Hoja2!$H:$H,C26,Hoja2!$U:$U),0) -> 0 | G26: =IFERROR(VLOOKUP(C26,Hoja3!$C:$D,2,FALSE),"") -> 0 | I26: INF19-PAQUETE 389 | J26: LINEA NUEVA | K26: SOTELO | L26: 10000064 | M26: 329069 | N26: 151273616 | P26: CAT CUAJIMALPA | S26: RESIDENCIAL | T26: CUAJIMALPA-INTERLOMAS | U26: NO ELABORADA DOMICILIO INCORRECTO | V26: NES0061
A27: POSTEADA | B27: 46031 | C27: 151286333 | D27: =IFERROR(SUMIF(Servicios_Promotores!$B:$B,C27,Servicios_Promotores!$R:$R),0) -> 0 | E27: =IFERROR(SUMIF(Pago_GERE!$B:$B,C27,Pago_GERE!$R:$R),0) -> 0 | F27: =IFERROR(SUMIF(Hoja2!$H:$H,C27,Hoja2!$U:$U),0) -> 498 | G27: =IFERROR(VLOOKUP(C27,Hoja3!$C:$D,2,FALSE),"") -> 0 | H27: 46037 | I27: PFR39-INFINITUM 349 | J27: LINEA NUEVA | K27: BALBUENA | L27: 10001013 | M27: 330804 | N27: 21573430 | O27: 5552445156 | P27: CAT MALINCHE | Q27: PF | R27: 5552445156 | S27: RESIDENCIAL | T27: BALBUENA | V27: ML_0096 | W27: CENTRO
A28: POSTEADA | B28: 46024 | C28: 151272932 | D28: =IFERROR(SUMIF(Servicios_Promotores!$B:$B,C28,Servicios_Promotores!$R:$R),0) -> 0 | E28: =IFERROR(SUMIF(Pago_GERE!$B:$B,C28,Pago_GERE!$R:$R),0) -> 0 | F28: =IFERROR(SUMIF(Hoja2!$H:$H,C28,Hoja2!$U:$U),0) -> 1149 | G28: =IFERROR(VLOOKUP(C28,Hoja3!$C:$D,2,FALSE),"") -> 0 | H28: 46032 | I28: PFR39-INFINITUM 349 | J28: LINEA NUEVA | K28: TOLUCA | L28: 10001013 | M28: 330804 | N28: 21374721 | O28: 5515475993 | P28: CAT LERMA | Q28: PF | R28: 5515475993 | S28: RESIDENCIAL | T28: LERMA | V28: HUX0028 | W28: SAN JUAN BAUTISTA
B29: 46028 | C29: 151278840 | D29: =IFERROR(SUMIF(Servicios_Promotores!$B:$B,C29,Servicios_Promotores!$R:$R),0) -> 0 | E29: =IFERROR(SUMIF(Pago_GERE!$B:$B,C29,Pago_GERE!$R:$R),0) -> 0 | F29: =IFERROR(SUMIF(Hoja2!$H:$H,C29,Hoja2!$U:$U),0) -> 0 | G29: =IFERROR(VLOOKUP(C29,Hoja3!$C:$D,2,FALSE),"") -> 0 | I29: PFR24-INFINITUM NEGOCIO 349 | J29: LINEA NUEVA | K29: ERMITA-TLAHUAC | L29: 10001013 | M29: 330804 | N29: 151278840 | P29: CAT CULHUACAN | S29: COMERCIAL | T29: CULHUACAN | U29: NO ELABORADA ZONA SIN RED | V29: NES0061
B30: 46024 | C30: 151273169 | D30: =IFERROR(SUMIF(Servicios_Promotores!$B:$B,C30,Servicios_Promotores!$R:$R),0) -> 0 | E30: =IFERROR(SUMIF(Pago_GERE!$B:$B,C30,Pago_GERE!$R:$R),0) -> 0 | F30: =IFERROR(SUMIF(Hoja2!$H:$H,C30,Hoja2!$U:$U),0) -> 0 | G30: =IFERROR(VLOOKUP(C30,Hoja3!$C:$D,2,FALSE),"") -> 0 | I30: PFR39-INFINITUM 349 | J30: LINEA NUEVA | K30: SOTELO | L30: 10001013 | M30: 330804 | N30: 151273169 | P30: CAT CUAJIMALPA | S30: RESIDENCIAL | T30: CUAJIMALPA-INTERLOMAS | U30: NO ELABORADA DOMICILIO INCORRECTO | V30: NES0061
B31: 46024 | C31: 151273388 | D31: =IFERROR(SUMIF(Servicios_Promotores!$B:$B,C31,Servicios_Promotores!$R:$R),0) -> 0 | E31: =IFERROR(SUMIF(Pago_GERE!$B:$B,C31,Pago_GERE!$R:$R),0) -> 0 | F31: =IFERROR(SUMIF(Hoja2!$H:$H,C31,Hoja2!$U:$U),0) -> 0 | G31: =IFERROR(VLOOKUP(C31,Hoja3!$C:$D,2,FALSE),"") -> 0 | I31: PFR34-INFINITUM 399 | J31: LINEA NUEVA | K31: SOTELO | L31: 10001013 | M31: 330804 | N31: 151273388 | P31: CAT CUAJIMALPA | S31: RESIDENCIAL | T31: CUAJIMALPA-INTERLOMAS | U31: NO ELABORADA DOMICILIO INCORRECTO | V31: NES0061
A32: ABIERTA | B32: 46046 | C32: 151314582 | D32: =IFERROR(SUMIF(Servicios_Promotores!$B:$B,C32,Servicios_Promotores!$R:$R),0) -> 0 | E32: =IFERROR(SUMIF(Pago_GERE!$B:$B,C32,Pago_GERE!$R:$R),0) -> 0 | F32: =IFERROR(SUMIF(Hoja2!$H:$H,C32,Hoja2!$U:$U),0) -> 0 | G32: =IFERROR(VLOOKUP(C32,Hoja3!$C:$D,2,FALSE),"") -> 0 | I32: INF19-PAQUETE 389 | J32: LINEA PORTADA | K32: UNIVERSIDAD | L32: 10001013 | M32: 344154 | N32: 21927505 | O32: 5595731905 | P32: CAT XOCHIMILCO | Q32: MC | R32: 5595731905 | S32: RESIDENCIAL | T32: INBURSA-XOCHIMILCO
A33: ABIERTA | B33: 46030 | C33: 151284457 | D33: =IFERROR(SUMIF(Servicios_Promotores!$B:$B,C33,Servicios_Promotores!$R:$R),0) -> 0 | E33: =IFERROR(SUMIF(Pago_GERE!$B:$B,C33,Pago_GERE!$R:$R),0) -> 0 | F33: =IFERROR(SUMIF(Hoja2!$H:$H,C33,Hoja2!$U:$U),0) -> 0 | G33: =IFERROR(VLOOKUP(C33,Hoja3!$C:$D,2,FALSE),"") -> 0 | I33: PFR34-INFINITUM 399 | J33: LINEA NUEVA | K33: BALBUENA | L33: 10001013 | M33: 344154 | N33: 21508498 | O33: 5557892461 | P33: CAT MALINCHE | Q33: MC | R33: 5557892461 | S33: RESIDENCIAL | T33: BALBUENA
A34: POSTEADA | B34: 46046 | C34: 151314622 | D34: =IFERROR(SUMIF(Servicios_Promotores!$B:$B,C34,Servicios_Promotores!$R:$R),0) -> 0 | E34: =IFERROR(SUMIF(Pago_GERE!$B:$B,C34,Pago_GERE!$R:$R),0) -> 0 | F34: =IFERROR(SUMIF(Hoja2!$H:$H,C34,Hoja2!$U:$U),0) -> 0 | G34: =IFERROR(VLOOKUP(C34,Hoja3!$C:$D,2,FALSE),"") -> 0 | H34: 46048 | I34: PFR24-INFINITUM NEGOCIO 349 | J34: LINEA NUEVA | K34: UNIVERSIDAD | L34: 10001013 | M34: 344154 | N34: 21926998 | O34: 5552053001 | P34: CAT XOCHIMILCO | Q34: PF | R34: 5552053001 | S34: COMERCIAL | T34: INBURSA-XOCHIMILCO | V34: SS_0002 | W34: SAN LUCAS XOCHIMANCA
A35: POSTEADA | B35: 46046 | C35: 151314606 | D35: =IFERROR(SUMIF(Servicios_Promotores!$B:$B,C35,Servicios_Promotores!$R:$R),0) -> 0 | E35: =IFERROR(SUMIF(Pago_GERE!$B:$B,C35,Pago_GERE!$R:$R),0) -> 0 | F35: =IFERROR(SUMIF(Hoja2!$H:$H,C35,Hoja2!$U:$U),0) -> 0 | G35: =IFERROR(VLOOKUP(C35,Hoja3!$C:$D,2,FALSE),"") -> 0 | H35: 46048 | I35: PFR24-INFINITUM NEGOCIO 349 | J35: LINEA NUEVA | K35: UNIVERSIDAD | L35: 10001013 | M35: 344154 | N35: 21934517 | O35: 5552053186 | P35: CAT XOCHIMILCO | Q35: PF | R35: 5552053186 | S35: COMERCIAL | T35: INBURSA-XOCHIMILCO | V35: SS_0008 | W35: SAN MATEO XALPA
A36: POSTEADA | B36: 46035 | C36: 151293463 | D36: =IFERROR(SUMIF(Servicios_Promotores!$B:$B,C36,Servicios_Promotores!$R:$R),0) -> 0 | E36: =IFERROR(SUMIF(Pago_GERE!$B:$B,C36,Pago_GERE!$R:$R),0) -> 0 | F36: =IFERROR(SUMIF(Hoja2!$H:$H,C36,Hoja2!$U:$U),0) -> 0 | G36: =IFERROR(VLOOKUP(C36,Hoja3!$C:$D,2,FALSE),"") -> 0 | H36: 46036 | I36: PQI43-PAQUETE 499 | J36: LINEA PORTADA | K36: UNIVERSIDAD | L36: 10001013 | M36: 344154 | N36: 21619146 | O36: 5556443647 | P36: CAT PLAZA INBURSA | Q36: PF | R36: 5556443647 | S36: RESIDENCIAL | T36: INBURSA-XOCHIMILCO | V36: HP_0084 | W36: SAN NICOLAS TOTOLAPAN
A37: POSTEADA | B37: 46035 | C37: 151293510 | D37: =IFERROR(SUMIF(Servicios_Promotores!$B:$B,C37,Servicios_Promotores!$R:$R),0) -> 0 | E37: =IFERROR(SUMIF(Pago_GERE!$B:$B,C37,Pago_GERE!$R:$R),0) -> 0 | F37: =IFERROR(SUMIF(Hoja2!$H:$H,C37,Hoja2!$U:$U),0) -> 0 | G37: =IFERROR(VLOOKUP(C37,Hoja3!$C:$D,2,FALSE),"") -> 0 | H37: 46038 | I37: PFR39-INFINITUM 349 | J37: LINEA NUEVA | K37: UNIVERSIDAD | L37: 10001013 | M37: 344154 | N37: 21619784 | O37: 5556444677 | P37: CAT PLAZA INBURSA | Q37: PF | R37: 5556444677 | S37: RESIDENCIAL | T37: INBURSA-XOCHIMILCO | V37: HP_0069 | W37: PEDREGAL DE SAN NICOLAS
A38: POSTEADA | B38: 46027 | C38: 151276282 | D38: =IFERROR(SUMIF(Servicios_Promotores!$B:$B,C38,Servicios_Promotores!$R:$R),0) -> 0 | E38: =IFERROR(SUMIF(Pago_GERE!$B:$B,C38,Pago_GERE!$R:$R),0) -> 0 | F38: =IFERROR(SUMIF(Hoja2!$H:$H,C38,Hoja2!$U:$U),0) -> 0 | G38: =IFERROR(VLOOKUP(C38,Hoja3!$C:$D,2,FALSE),"") -> 0 | H38: 46030 | I38: PFR39-INFINITUM 349 | J38: LINEA NUEVA | K38: SOTELO | L38: 10000064 | M38: 344157 | N38: 21404976 | O38: 5581643421 | P38: CAT CUAJIMALPA | Q38: PF | R38: 5581643421 | S38: RESIDENCIAL | T38: CUAJIMALPA-INTERLOMAS | V38: SP_0003 | W38: SAN PABLO CHIMALPA
A39: ABIERTA | B39: 46032 | C39: 151288175 | D39: =IFERROR(SUMIF(Servicios_Promotores!$B:$B,C39,Servicios_Promotores!$R:$R),0) -> 0 | E39: =IFERROR(SUMIF(Pago_GERE!$B:$B,C39,Pago_GERE!$R:$R),0) -> 0 | F39: =IFERROR(SUMIF(Hoja2!$H:$H,C39,Hoja2!$U:$U),0) -> 0 | G39: =IFERROR(VLOOKUP(C39,Hoja3!$C:$D,2,FALSE),"") -> 0 | I39: PFR24-INFINITUM NEGOCIO 349 | J39: LINEA NUEVA | K39: UNIVERSIDAD | L39: 10001013 | M39: 345495 | N39: 21562760 | O39: 0000000000 | P39: CAT XOCHIMILCO | Q39: MC | R39: 0000000000 | S39: COMERCIAL | T39: INBURSA-XOCHIMILCO | V39: NES0061
A40: ABIERTA | B40: 46032 | C40: 151288088 | D40: =IFERROR(SUMIF(Servicios_Promotores!$B:$B,C40,Servicios_Promotores!$R:$R),0) -> 0 | E40: =IFERROR(SUMIF(Pago_GERE!$B:$B,C40,Pago_GERE!$R:$R),0) -> 0 | F40: =IFERROR(SUMIF(Hoja2!$H:$H,C40,Hoja2!$U:$U),0) -> 0 | G40: =IFERROR(VLOOKUP(C40,Hoja3!$C:$D,2,FALSE),"") -> 0 | I40: PFR24-INFINITUM NEGOCIO 349 | J40: LINEA NUEVA | K40: TEXCOCO-ZARAGOZA | L40: 10001013 | M40: 345495 | N40: 21576529 | O40: 5554416868 | P40: CAT SANTA MARTHA | Q40: MC | R40: 5554416868 | S40: COMERCIAL | T40: LOS REYES
A41: ABIERTA | B41: 46032 | C41: 151288235 | D41: =IFERROR(SUMIF(Servicios_Promotores!$B:$B,C41,Servicios_Promotores!$R:$R),0) -> 0 | E41: =IFERROR(SUMIF(Pago_GERE!$B:$B,C41,Pago_GERE!$R:$R),0) -> 0 | F41: =IFERROR(SUMIF(Hoja2!$H:$H,C41,Hoja2!$U:$U),0) -> 0 | G41: =IFERROR(VLOOKUP(C41,Hoja3!$C:$D,2,FALSE),"") -> 0 | I41: PFR24-INFINITUM NEGOCIO 349 | J41: LINEA NUEVA | K41: ERMITA-TLAHUAC | L41: 10001013 | M41: 345495 | N41: 21573822 | O41: 0000000000 | P41: CAT CULHUACAN | Q41: MC | R41: 0000000000 | S41: COMERCIAL | T41: CULHUACAN | V41: NES0061
A42: ABIERTA | B42: 46031 | C42: 151286762 | D42: =IFERROR(SUMIF(Servicios_Promotores!$B:$B,C42,Servicios_Promotores!$R:$R),0) -> 0 | E42: =IFERROR(SUMIF(Pago_GERE!$B:$B,C42,Pago_GERE!$R:$R),0) -> 0 | F42: =IFERROR(SUMIF(Hoja2!$H:$H,C42,Hoja2!$U:$U),0) -> 0 | G42: =IFERROR(VLOOKUP(C42,Hoja3!$C:$D,2,FALSE),"") -> 0 | I42: INF19-PAQUETE 389 | J42: LINEA NUEVA | K42: MIXCOAC | L42: 10001013 | M42: 345495 | N42: 21551633 | O42: 0000000000 | P42: CAT LORETO (MEX) | Q42: MC | R42: 0000000000 | S42: RESIDENCIAL | T42: SANTA LUCIA | V42: NES0061
A43: ABIERTA | B43: 46031 | C43: 151286732 | D43: =IFERROR(SUMIF(Servicios_Promotores!$B:$B,C43,Servicios_Promotores!$R:$R),0) -> 0 | E43: =IFERROR(SUMIF(Pago_GERE!$B:$B,C43,Pago_GERE!$R:$R),0) -> 0 | F43: =IFERROR(SUMIF(Hoja2!$H:$H,C43,Hoja2!$U:$U),0) -> 0 | G43: =IFERROR(VLOOKUP(C43,Hoja3!$C:$D,2,FALSE),"") -> 0 | I43: INF19-PAQUETE 389 | J43: LINEA NUEVA | K43: MIXCOAC | L43: 10001013 | M43: 345495 | N43: 21551191 | O43: 0000000000 | P43: CAT LORETO (MEX) | Q43: MC | R43: 0000000000 | S43: RESIDENCIAL | T43: SANTA LUCIA | V43: NES0061
A44: ABIERTA | B44: 46108 | C44: 151428371 | D44: =IFERROR(SUMIF(Servicios_Promotores!$B:$B,C44,Servicios_Promotores!$R:$R),0) -> 0 | E44: =IFERROR(SUMIF(Pago_GERE!$B:$B,C44,Pago_GERE!$R:$R),0) -> 0 | F44: =IFERROR(SUMIF(Hoja2!$H:$H,C44,Hoja2!$U:$U),0) -> 0 | G44: =IFERROR(VLOOKUP(C44,Hoja3!$C:$D,2,FALSE),"") -> 0 | I44: PFR39-INFINITUM 349 | J44: LINEA NUEVA | K44: SOTELO | L44: 10001013 | M44: 345495 | N44: 23926794 | O44: 5550872521 | P44: CAT CUAJIMALPA | Q44: MC | R44: 5550872521 | S44: RESIDENCIAL | T44: CUAJIMALPA-INTERLOMAS
A45: ABIERTA | B45: 46103 | C45: 151417633 | D45: =IFERROR(SUMIF(Servicios_Promotores!$B:$B,C45,Servicios_Promotores!$R:$R),0) -> 0 | E45: =IFERROR(SUMIF(Pago_GERE!$B:$B,C45,Pago_GERE!$R:$R),0) -> 0 | F45: =IFERROR(SUMIF(Hoja2!$H:$H,C45,Hoja2!$U:$U),0) -> 0 | G45: =IFERROR(VLOOKUP(C45,Hoja3!$C:$D,2,FALSE),"") -> 0 | I45: INF19-PAQUETE 389 | J45: LINEA NUEVA | K45: MIXCOAC | L45: 10001013 | M45: 345495 | N45: 23709671 | O45: 0000000000 | P45: CAT LORETO (MEX) | Q45: MC | R45: 0000000000 | S45: RESIDENCIAL | T45: SANTA LUCIA
A46: ABIERTA | B46: 46102 | C46: 151417073 | D46: =IFERROR(SUMIF(Servicios_Promotores!$B:$B,C46,Servicios_Promotores!$R:$R),0) -> 0 | E46: =IFERROR(SUMIF(Pago_GERE!$B:$B,C46,Pago_GERE!$R:$R),0) -> 0 | F46: =IFERROR(SUMIF(Hoja2!$H:$H,C46,Hoja2!$U:$U),0) -> 0 | G46: =IFERROR(VLOOKUP(C46,Hoja3!$C:$D,2,FALSE),"") -> 0 | I46: INF19-PAQUETE 389 | J46: LINEA NUEVA | K46: UNIVERSIDAD | L46: 10001013 | M46: 345495 | N46: 23708432 | O46: 0000000000 | P46: CAT XOCHIMILCO | Q46: MC | R46: 0000000000 | S46: RESIDENCIAL | T46: INBURSA-XOCHIMILCO
A47: ABIERTA | B47: 46088 | C47: 151392101 | D47: =IFERROR(SUMIF(Servicios_Promotores!$B:$B,C47,Servicios_Promotores!$R:$R),0) -> 0 | E47: =IFERROR(SUMIF(Pago_GERE!$B:$B,C47,Pago_GERE!$R:$R),0) -> 0 | F47: =IFERROR(SUMIF(Hoja2!$H:$H,C47,Hoja2!$U:$U),0) -> 0 | G47: =IFERROR(VLOOKUP(C47,Hoja3!$C:$D,2,FALSE),"") -> 0 | I47: PQI37-PAQUETE CONECTES NEGOCIO | J47: LINEA NUEVA | K47: UNIVERSIDAD | L47: 10001013 | M47: 345495 | N47: 22865207 | O47: 0000000000 | P47: CAT XOCHIMILCO | Q47: MC | R47: 0000000000 | S47: COMERCIAL | T47: INBURSA-XOCHIMILCO
A48: POSTEADA | B48: 46032 | C48: 151288120 | D48: =IFERROR(SUMIF(Servicios_Promotores!$B:$B,C48,Servicios_Promotores!$R:$R),0) -> 0 | E48: =IFERROR(SUMIF(Pago_GERE!$B:$B,C48,Pago_GERE!$R:$R),0) -> 0 | F48: =IFERROR(SUMIF(Hoja2!$H:$H,C48,Hoja2!$U:$U),0) -> 1298 | G48: =IFERROR(VLOOKUP(C48,Hoja3!$C:$D,2,FALSE),"") -> 0 | H48: 46037 | I48: PFR24-INFINITUM NEGOCIO 349 | J48: LINEA NUEVA | K48: LINDAVISTA | L48: 10001013 | M48: 345495 | N48: 21577052 | O48: 5530929161 | P48: CAT PARQUE VIA | Q48: PF | R48: 5530929161 | S48: COMERCIAL | T48: SANTA MARIA-GUERRERO | V48: AP_0026 | W48: GUERRERO
A49: POSTEADA | B49: 46031 | C49: 151286591 | D49: =IFERROR(SUMIF(Servicios_Promotores!$B:$B,C49,Servicios_Promotores!$R:$R),0) -> 0 | E49: =IFERROR(SUMIF(Pago_GERE!$B:$B,C49,Pago_GERE!$R:$R),0) -> 0 | F49: =IFERROR(SUMIF(Hoja2!$H:$H,C49,Hoja2!$U:$U),0) -> 0 | G49: =IFERROR(VLOOKUP(C49,Hoja3!$C:$D,2,FALSE),"") -> 0 | H49: 46036 | I49: INF19-PAQUETE 389 | J49: LINEA NUEVA | K49: UNIVERSIDAD | L49: 10001013 | M49: 345495 | N49: 21585679 | O49: 5515431807 | P49: CAT PLAZA INBURSA | Q49: PF | R49: 5515431807 | S49: RESIDENCIAL | T49: INBURSA-XOCHIMILCO | V49: XU_0004 | W49: LA CARBONERA
A50: POSTEADA | B50: 46080 | C50: 151377634 | D50: =IFERROR(SUMIF(Servicios_Promotores!$B:$B,C50,Servicios_Promotores!$R:$R),0) -> 0 | E50: =IFERROR(SUMIF(Pago_GERE!$B:$B,C50,Pago_GERE!$R:$R),0) -> 0 | F50: =IFERROR(SUMIF(Hoja2!$H:$H,C50,Hoja2!$U:$U),0) -> 949 | G50: =IFERROR(VLOOKUP(C50,Hoja3!$C:$D,2,FALSE),"") -> 0 | H50: 46081 | I50: PFR39-INFINITUM 349 | J50: LINEA NUEVA | K50: LINDAVISTA | L50: 10001013 | M50: 345495 | N50: 22681884 | O50: 5512725999 | P50: CAT PARQUE VIA | Q50: PF | R50: 5512725999 | S50: RESIDENCIAL | T50: SANTA MARIA-GUERRERO | V50: AP_0029 | W50: CENTRO
A51: POSTEADA | B51: 46102 | C51: 151417029 | D51: =IFERROR(SUMIF(Servicios_Promotores!$B:$B,C51,Servicios_Promotores!$R:$R),0) -> 334.665 | E51: =IFERROR(SUMIF(Pago_GERE!$B:$B,C51,Pago_GERE!$R:$R),0) -> 258.665 | F51: =IFERROR(SUMIF(Hoja2!$H:$H,C51,Hoja2!$U:$U),0) -> 0 | G51: =IFERROR(VLOOKUP(C51,Hoja3!$C:$D,2,FALSE),"") -> 0 | H51: 46105 | I51: INF19-PAQUETE 389 | J51: LINEA PORTADA | K51: SOTELO | L51: 10001013 | M51: 345495 | N51: 23802224 | O51: 5558107022 | P51: CAT CUAJIMALPA | Q51: PF | R51: 5558107022 | S51: RESIDENCIAL | T51: CUAJIMALPA-INTERLOMAS | V51: SBO0023 | W51: LOMAS DE CHAMONTOYA
B52: 46108 | C52: 151428472 | D52: =IFERROR(SUMIF(Servicios_Promotores!$B:$B,C52,Servicios_Promotores!$R:$R),0) -> 0 | E52: =IFERROR(SUMIF(Pago_GERE!$B:$B,C52,Pago_GERE!$R:$R),0) -> 0 | F52: =IFERROR(SUMIF(Hoja2!$H:$H,C52,Hoja2!$U:$U),0) -> 0 | G52: =IFERROR(VLOOKUP(C52,Hoja3!$C:$D,2,FALSE),"") -> 0 | I52: PQI43-PAQUETE 499 | J52: LINEA PORTADA | K52: SOTELO | L52: 10001013 | M52: 345495 | N52: 151428472 | O52: 5563073404 | P52: CAT CUAJIMALPA | S52: RESIDENCIAL | T52: CUAJIMALPA-INTERLOMAS | U52: NO ELABORADA DOMICILIO INCORRECTO
B53: 46108 | C53: 151428424 | D53: =IFERROR(SUMIF(Servicios_Promotores!$B:$B,C53,Servicios_Promotores!$R:$R),0) -> 0 | E53: =IFERROR(SUMIF(Pago_GERE!$B:$B,C53,Pago_GERE!$R:$R),0) -> 0 | F53: =IFERROR(SUMIF(Hoja2!$H:$H,C53,Hoja2!$U:$U),0) -> 0 | G53: =IFERROR(VLOOKUP(C53,Hoja3!$C:$D,2,FALSE),"") -> 0 | I53: INF19-PAQUETE 389 | J53: LINEA PORTADA | K53: SOTELO | L53: 10001013 | M53: 345495 | N53: 151428424 | O53: 5596683308 | P53: CAT CUAJIMALPA | S53: RESIDENCIAL | T53: CUAJIMALPA-INTERLOMAS | U53: NO ELABORADA DOMICILIO INCORRECTO
A54: ABIERTA | B54: 46035 | C54: 151293966 | D54: =IFERROR(SUMIF(Servicios_Promotores!$B:$B,C54,Servicios_Promotores!$R:$R),0) -> 0 | E54: =IFERROR(SUMIF(Pago_GERE!$B:$B,C54,Pago_GERE!$R:$R),0) -> 0 | F54: =IFERROR(SUMIF(Hoja2!$H:$H,C54,Hoja2!$U:$U),0) -> 0 | G54: =IFERROR(VLOOKUP(C54,Hoja3!$C:$D,2,FALSE),"") -> 0 | I54: INF19-PAQUETE 389 | J54: LINEA NUEVA | K54: MIXCOAC | L54: 10000064 | M54: 345974 | N54: 21659076 | O54: 0000000000 | P54: CAT LORETO (MEX) | Q54: MC | R54: 0000000000 | S54: RESIDENCIAL | T54: SANTA LUCIA | V54: NES0061
A55: POSTEADA | B55: 46036 | C55: 151296437 | D55: =IFERROR(SUMIF(Servicios_Promotores!$B:$B,C55,Servicios_Promotores!$R:$R),0) -> 0 | E55: =IFERROR(SUMIF(Pago_GERE!$B:$B,C55,Pago_GERE!$R:$R),0) -> 0 | F55: =IFERROR(SUMIF(Hoja2!$H:$H,C55,Hoja2!$U:$U),0) -> 0 | G55: =IFERROR(VLOOKUP(C55,Hoja3!$C:$D,2,FALSE),"") -> 0 | H55: 46038 | I55: PFR39-INFINITUM 349 | J55: LINEA NUEVA | K55: MIXCOAC | L55: 10000064 | M55: 345974 | N55: 21683147 | O55: 5521203335 | P55: CAT MIXCOAC | Q55: PF | R55: 5521203335 | S55: RESIDENCIAL | T55: SANTA LUCIA | V55: EY_0009 | W55: GOLONDRINAS
A56: POSTEADA | B56: 46035 | C56: 151293816 | D56: =IFERROR(SUMIF(Servicios_Promotores!$B:$B,C56,Servicios_Promotores!$R:$R),0) -> 0 | E56: =IFERROR(SUMIF(Pago_GERE!$B:$B,C56,Pago_GERE!$R:$R),0) -> 0 | F56: =IFERROR(SUMIF(Hoja2!$H:$H,C56,Hoja2!$U:$U),0) -> 0 | G56: =IFERROR(VLOOKUP(C56,Hoja3!$C:$D,2,FALSE),"") -> 0 | H56: 46038 | I56: INF19-PAQUETE 389 | J56: LINEA PORTADA | K56: UNIVERSIDAD | L56: 10000064 | M56: 345974 | N56: 21725676 | O56: 5556452259 | P56: CAT PLAZA INBURSA | Q56: PF | R56: 5556452259 | S56: RESIDENCIAL | T56: INBURSA-XOCHIMILCO | V56: HP_0179 | W56: SAN NICOLAS TOTOLAPAN
A57: POSTEADA | B57: 46035 | C57: 151293857 | D57: =IFERROR(SUMIF(Servicios_Promotores!$B:$B,C57,Servicios_Promotores!$R:$R),0) -> 0 | E57: =IFERROR(SUMIF(Pago_GERE!$B:$B,C57,Pago_GERE!$R:$R),0) -> 0 | F57: =IFERROR(SUMIF(Hoja2!$H:$H,C57,Hoja2!$U:$U),0) -> 0 | G57: =IFERROR(VLOOKUP(C57,Hoja3!$C:$D,2,FALSE),"") -> 0 | H57: 46039 | I57: PFR39-INFINITUM 349 | J57: LINEA NUEVA | K57: ERMITA-TLAHUAC | L57: 10000064 | M57: 345974 | N57: 21663136 | O57: 5556868730 | P57: CAT ERMITA-IXTAPALAPA | Q57: PF | R57: 5556868730 | S57: RESIDENCIAL | T57: ERMITA-MEYEHUALCO | V57: ES_0169 | W57: AMPL VERACRUZANA
A58: POSTEADA | B58: 46029 | C58: 151281521 | D58: =IFERROR(SUMIF(Servicios_Promotores!$B:$B,C58,Servicios_Promotores!$R:$R),0) -> 0 | E58: =IFERROR(SUMIF(Pago_GERE!$B:$B,C58,Pago_GERE!$R:$R),0) -> 0 | F58: =IFERROR(SUMIF(Hoja2!$H:$H,C58,Hoja2!$U:$U),0) -> 1160 | G58: =IFERROR(VLOOKUP(C58,Hoja3!$C:$D,2,FALSE),"") -> 0 | H58: 46034 | I58: INF19-PAQUETE 389 | J58: LINEA PORTADA | K58: UNIVERSIDAD | L58: 10000064 | M58: 345974 | N58: 21594824 | O58: 5556179355 | P58: CAT UNIVERSIDAD | Q58: PF | R58: 5556179355 | S58: RESIDENCIAL | T58: COAPA-UNIVERSIDAD | V58: IT_0147 | W58: PEDREGAL DE SANTO DOMINGO
A59: POSTEADA | B59: 46028 | C59: 151279447 | D59: =IFERROR(SUMIF(Servicios_Promotores!$B:$B,C59,Servicios_Promotores!$R:$R),0) -> 0 | E59: =IFERROR(SUMIF(Pago_GERE!$B:$B,C59,Pago_GERE!$R:$R),0) -> 0 | F59: =IFERROR(SUMIF(Hoja2!$H:$H,C59,Hoja2!$U:$U),0) -> 1149 | G59: =IFERROR(VLOOKUP(C59,Hoja3!$C:$D,2,FALSE),"") -> 0 | H59: 46032 | I59: PFR39-INFINITUM 349 | J59: LINEA NUEVA | K59: UNIVERSIDAD | L59: 10000064 | M59: 345974 | N59: 21459682 | O59: 5511137312 | P59: CAT XOCHIMILCO | Q59: PF | R59: 5511137312 | S59: RESIDENCIAL | T59: INBURSA-XOCHIMILCO | V59: AD_0002 | W59: PUEBLO SANTA CECILIA TEPETLAPA
A60: POSTEADA | B60: 46028 | C60: 151279414 | D60: =IFERROR(SUMIF(Servicios_Promotores!$B:$B,C60,Servicios_Promotores!$R:$R),0) -> 0 | E60: =IFERROR(SUMIF(Pago_GERE!$B:$B,C60,Pago_GERE!$R:$R),0) -> 0 | F60: =IFERROR(SUMIF(Hoja2!$H:$H,C60,Hoja2!$U:$U),0) -> 0 | G60: =IFERROR(VLOOKUP(C60,Hoja3!$C:$D,2,FALSE),"") -> 0 | H60: 46030 | I60: INF19-PAQUETE 389 | J60: LINEA PORTADA | K60: UNIVERSIDAD | L60: 10000064 | M60: 345974 | N60: 21459246 | O60: 5559297078 | P60: CAT XOCHIMILCO | Q60: PF | R60: 5559297078 | S60: RESIDENCIAL | T60: INBURSA-XOCHIMILCO | V60: AD_0001 | W60: PUEBLO SANTA CECILIA TEPETLAPA
A61: POSTEADA | B61: 46024 | C61: 151272743 | D61: =IFERROR(SUMIF(Servicios_Promotores!$B:$B,C61,Servicios_Promotores!$R:$R),0) -> 0 | E61: =IFERROR(SUMIF(Pago_GERE!$B:$B,C61,Pago_GERE!$R:$R),0) -> 0 | F61: =IFERROR(SUMIF(Hoja2!$H:$H,C61,Hoja2!$U:$U),0) -> 389 | G61: =IFERROR(VLOOKUP(C61,Hoja3!$C:$D,2,FALSE),"") -> 0 | H61: 46032 | I61: INF19-PAQUETE 389 | J61: LINEA PORTADA | K61: ERMITA-TLAHUAC | L61: 10000064 | M61: 345974 | N61: 21557013 | O61: 5558416871 | P61: CAT TLAHUAC | Q61: PF | R61: 5558416871 | S61: RESIDENCIAL | T61: TLAHUAC | V61: SAZ0016 | W61: MIGUEL HIDALGO
B62: 46024 | C62: 151273186 | D62: =IFERROR(SUMIF(Servicios_Promotores!$B:$B,C62,Servicios_Promotores!$R:$R),0) -> 0 | E62: =IFERROR(SUMIF(Pago_GERE!$B:$B,C62,Pago_GERE!$R:$R),0) -> 0 | F62: =IFERROR(SUMIF(Hoja2!$H:$H,C62,Hoja2!$U:$U),0) -> 0 | G62: =IFERROR(VLOOKUP(C62,Hoja3!$C:$D,2,FALSE),"") -> 0 | I62: PFR39-INFINITUM 349 | J62: LINEA NUEVA | K62: SOTELO | L62: 10000064 | M62: 345974 | N62: 151273186 | P62: CAT CUAJIMALPA | S62: RESIDENCIAL | T62: CUAJIMALPA-INTERLOMAS | U62: NO ELABORADA DOMICILIO INCORRECTO | V62: NES0061
A63: ABIERTA | B63: 46045 | C63: 151313331 | D63: =IFERROR(SUMIF(Servicios_Promotores!$B:$B,C63,Servicios_Promotores!$R:$R),0) -> 0 | E63: =IFERROR(SUMIF(Pago_GERE!$B:$B,C63,Pago_GERE!$R:$R),0) -> 0 | F63: =IFERROR(SUMIF(Hoja2!$H:$H,C63,Hoja2!$U:$U),0) -> 0 | G63: =IFERROR(VLOOKUP(C63,Hoja3!$C:$D,2,FALSE),"") -> 0 | I63: INF19-PAQUETE 389 | J63: LINEA PORTADA | K63: UNIVERSIDAD | L63: 10000064 | M63: 346072 | N63: 21927721 | O63: 0000000000 | P63: CAT XOCHIMILCO | Q63: MC | R63: 0000000000 | S63: RESIDENCIAL | T63: INBURSA-XOCHIMILCO | V63: NES0061
A64: ABIERTA | B64: 46112 | C64: 151434956 | D64: =IFERROR(SUMIF(Servicios_Promotores!$B:$B,C64,Servicios_Promotores!$R:$R),0) -> 0 | E64: =IFERROR(SUMIF(Pago_GERE!$B:$B,C64,Pago_GERE!$R:$R),0) -> 0 | F64: =IFERROR(SUMIF(Hoja2!$H:$H,C64,Hoja2!$U:$U),0) -> 0 | G64: =IFERROR(VLOOKUP(C64,Hoja3!$C:$D,2,FALSE),"") -> 0 | I64: INF19-PAQUETE 389 | J64: LINEA PORTADA | K64: UNIVERSIDAD | L64: 10000064 | M64: 346072 | N64: 23962144 | O64: 5589837450 | P64: CAT XOCHIMILCO | Q64: MC | R64: 5589837450 | S64: RESIDENCIAL | T64: INBURSA-XOCHIMILCO
A65: ABIERTA | B65: 46084 | C65: 151384399 | D65: =IFERROR(SUMIF(Servicios_Promotores!$B:$B,C65,Servicios_Promotores!$R:$R),0) -> 0 | E65: =IFERROR(SUMIF(Pago_GERE!$B:$B,C65,Pago_GERE!$R:$R),0) -> 0 | F65: =IFERROR(SUMIF(Hoja2!$H:$H,C65,Hoja2!$U:$U),0) -> 0 | G65: =IFERROR(VLOOKUP(C65,Hoja3!$C:$D,2,FALSE),"") -> 0 | I65: INF19-PAQUETE 389 | J65: LINEA NUEVA | K65: UNIVERSIDAD | L65: 10000064 | M65: 346072 | N65: 22762426 | O65: 0000000000 | P65: CAT XOCHIMILCO | Q65: MC | R65: 0000000000 | S65: RESIDENCIAL | T65: INBURSA-XOCHIMILCO
A66: ABIERTA | B66: 46136 | C66: 151476101 | D66: =IFERROR(SUMIF(Servicios_Promotores!$B:$B,C66,Servicios_Promotores!$R:$R),0) -> 0 | E66: =IFERROR(SUMIF(Pago_GERE!$B:$B,C66,Pago_GERE!$R:$R),0) -> 0 | F66: =IFERROR(SUMIF(Hoja2!$H:$H,C66,Hoja2!$U:$U),0) -> 0 | G66: =IFERROR(VLOOKUP(C66,Hoja3!$C:$D,2,FALSE),"") -> 0 | I66: PFR24-INFINITUM NEGOCIO 349 | J66: LINEA NUEVA | K66: ERMITA-TLAHUAC | L66: 10000064 | M66: 346072 | N66: 24599107 | O66: 0000000000 | P66: CAT TLAHUAC | Q66: MC | R66: 0000000000 | S66: COMERCIAL | T66: TLAHUAC
A67: ABIERTA | B67: 46134 | C67: 151472705 | D67: =IFERROR(SUMIF(Servicios_Promotores!$B:$B,C67,Servicios_Promotores!$R:$R),0) -> 0 | E67: =IFERROR(SUMIF(Pago_GERE!$B:$B,C67,Pago_GERE!$R:$R),0) -> 0 | F67: =IFERROR(SUMIF(Hoja2!$H:$H,C67,Hoja2!$U:$U),0) -> 0 | G67: =IFERROR(VLOOKUP(C67,Hoja3!$C:$D,2,FALSE),"") -> 0 | I67: INF19-PAQUETE 389 | J67: LINEA PORTADA | K67: UNIVERSIDAD | L67: 10000064 | M67: 346072 | N67: 24525113 | O67: 5590494138 | P67: CAT XOCHIMILCO | Q67: IM | R67: 5590494138 | S67: RESIDENCIAL | T67: INBURSA-XOCHIMILCO
A68: ABIERTA | B68: 46132 | C68: 151467910 | D68: =IFERROR(SUMIF(Servicios_Promotores!$B:$B,C68,Servicios_Promotores!$R:$R),0) -> 0 | E68: =IFERROR(SUMIF(Pago_GERE!$B:$B,C68,Pago_GERE!$R:$R),0) -> 0 | F68: =IFERROR(SUMIF(Hoja2!$H:$H,C68,Hoja2!$U:$U),0) -> 0 | G68: =IFERROR(VLOOKUP(C68,Hoja3!$C:$D,2,FALSE),"") -> 0 | I68: PQI43-PAQUETE 499 | J68: LINEA PORTADA | K68: MIXCOAC | L68: 10000064 | M68: 346072 | N68: 24469828 | O68: 5596379682 | P68: CAT VALLE (MEX) | Q68: MC | R68: 5596379682 | S68: RESIDENCIAL | T68: CONDESA-INSURGENTES
A69: ABIERTA | B69: 46130 | C69: 151465943 | D69: =IFERROR(SUMIF(Servicios_Promotores!$B:$B,C69,Servicios_Promotores!$R:$R),0) -> 0 | E69: =IFERROR(SUMIF(Pago_GERE!$B:$B,C69,Pago_GERE!$R:$R),0) -> 0 | F69: =IFERROR(SUMIF(Hoja2!$H:$H,C69,Hoja2!$U:$U),0) -> 0 | G69: =IFERROR(VLOOKUP(C69,Hoja3!$C:$D,2,FALSE),"") -> 0 | I69: INF19-PAQUETE 389 | J69: LINEA PORTADA | K69: MIXCOAC | L69: 10000064 | M69: 346072 | N69: 24444170 | O69: 5583776658 | P69: CAT VALLE (MEX) | Q69: MC | R69: 5583776658 | S69: RESIDENCIAL | T69: CONDESA-INSURGENTES
A70: ABIERTA | B70: 46127 | C70: 151459433 | D70: =IFERROR(SUMIF(Servicios_Promotores!$B:$B,C70,Servicios_Promotores!$R:$R),0) -> 0 | E70: =IFERROR(SUMIF(Pago_GERE!$B:$B,C70,Pago_GERE!$R:$R),0) -> 0 | F70: =IFERROR(SUMIF(Hoja2!$H:$H,C70,Hoja2!$U:$U),0) -> 0 | G70: =IFERROR(VLOOKUP(C70,Hoja3!$C:$D,2,FALSE),"") -> 0 | I70: INF19-PAQUETE 389 | J70: LINEA PORTADA | K70: UNIVERSIDAD | L70: 10000064 | M70: 346072 | N70: 24262018 | O70: 5592327103 | P70: CAT XOCHIMILCO | Q70: MC | R70: 5592327103 | S70: RESIDENCIAL | T70: INBURSA-XOCHIMILCO
A71: ABIERTA | B71: 46116 | C71: 151440784 | D71: =IFERROR(SUMIF(Servicios_Promotores!$B:$B,C71,Servicios_Promotores!$R:$R),0) -> 0 | E71: =IFERROR(SUMIF(Pago_GERE!$B:$B,C71,Pago_GERE!$R:$R),0) -> 0 | F71: =IFERROR(SUMIF(Hoja2!$H:$H,C71,Hoja2!$U:$U),0) -> 0 | G71: =IFERROR(VLOOKUP(C71,Hoja3!$C:$D,2,FALSE),"") -> 0 | I71: INF19-PAQUETE 389 | J71: LINEA PORTADA | K71: UNIVERSIDAD | L71: 10000064 | M71: 346072 | N71: 24031423 | O71: 5588635885 | P71: CAT PLAZA INBURSA | Q71: MC | R71: 5588635885 | S71: RESIDENCIAL | T71: INBURSA-XOCHIMILCO
A72: POSTEADA | B72: 46045 | C72: 151313350 | D72: =IFERROR(SUMIF(Servicios_Promotores!$B:$B,C72,Servicios_Promotores!$R:$R),0) -> 0 | E72: =IFERROR(SUMIF(Pago_GERE!$B:$B,C72,Pago_GERE!$R:$R),0) -> 0 | F72: =IFERROR(SUMIF(Hoja2!$H:$H,C72,Hoja2!$U:$U),0) -> 0 | G72: =IFERROR(VLOOKUP(C72,Hoja3!$C:$D,2,FALSE),"") -> 0 | H72: 46048 | I72: INF19-PAQUETE 389 | J72: LINEA NUEVA | K72: UNIVERSIDAD | L72: 10000064 | M72: 346072 | N72: 21926459 | O72: 5523457898 | P72: CAT XOCHIMILCO | Q72: PF | R72: 5523457898 | S72: RESIDENCIAL | T72: INBURSA-XOCHIMILCO | V72: XO_0041 | W72: BARRIO SAN MARCOS
A73: POSTEADA | B73: 46036 | C73: 151295966 | D73: =IFERROR(SUMIF(Servicios_Promotores!$B:$B,C73,Servicios_Promotores!$R:$R),0) -> 0 | E73: =IFERROR(SUMIF(Pago_GERE!$B:$B,C73,Pago_GERE!$R:$R),0) -> 0 | F73: =IFERROR(SUMIF(Hoja2!$H:$H,C73,Hoja2!$U:$U),0) -> 1158 | G73: =IFERROR(VLOOKUP(C73,Hoja3!$C:$D,2,FALSE),"") -> 0 | H73: 46043 | I73: INF19-PAQUETE 389 | J73: LINEA NUEVA | K73: UNIVERSIDAD | L73: 10000064 | M73: 346072 | N73: 21688143 | O73: 5555559302 | P73: CAT XOCHIMILCO | Q73: PF | R73: 5555559302 | S73: RESIDENCIAL | T73: INBURSA-XOCHIMILCO | V73: XO_0193 | W73: PUEBLO SANTA CRUZ XOCHITEPEC
A74: POSTEADA | B74: 46036 | C74: 151295995 | D74: =IFERROR(SUMIF(Servicios_Promotores!$B:$B,C74,Servicios_Promotores!$R:$R),0) -> 0 | E74: =IFERROR(SUMIF(Pago_GERE!$B:$B,C74,Pago_GERE!$R:$R),0) -> 0 | F74: =IFERROR(SUMIF(Hoja2!$H:$H,C74,Hoja2!$U:$U),0) -> 0 | G74: =IFERROR(VLOOKUP(C74,Hoja3!$C:$D,2,FALSE),"") -> 0 | H74: 46058 | I74: PFR34-INFINITUM 399 | J74: LINEA NUEVA | K74: UNIVERSIDAD | L74: 10000064 | M74: 346072 | N74: 21691966 | O74: 5556411510 | P74: CAT XOCHIMILCO | Q74: PF | R74: 5556411510 | S74: RESIDENCIAL | T74: INBURSA-XOCHIMILCO | V74: XO_0193 | W74: PUEBLO SANTA CRUZ XOCHITEPEC
A75: POSTEADA | B75: 46036 | C75: 151295883 | D75: =IFERROR(SUMIF(Servicios_Promotores!$B:$B,C75,Servicios_Promotores!$R:$R),0) -> 0 | E75: =IFERROR(SUMIF(Pago_GERE!$B:$B,C75,Pago_GERE!$R:$R),0) -> 0 | F75: =IFERROR(SUMIF(Hoja2!$H:$H,C75,Hoja2!$U:$U),0) -> 0 | G75: =IFERROR(VLOOKUP(C75,Hoja3!$C:$D,2,FALSE),"") -> 0 | H75: 46038 | I75: PFR14-INFINITUM NEGOCIO 399 | J75: LINEA NUEVA | K75: BALBUENA | L75: 10000064 | M75: 346072 | N75: 21685021 | O75: 5557022635 | P75: CAT MALINCHE | Q75: PF | R75: 5557022635 | S75: COMERCIAL | T75: BALBUENA | V75: ML_0082 | W75: MORELOS
A76: POSTEADA | B76: 46036 | C76: 151295935 | D76: =IFERROR(SUMIF(Servicios_Promotores!$B:$B,C76,Servicios_Promotores!$R:$R),0) -> 0 | E76: =IFERROR(SUMIF(Pago_GERE!$B:$B,C76,Pago_GERE!$R:$R),0) -> 0 | F76: =IFERROR(SUMIF(Hoja2!$H:$H,C76,Hoja2!$U:$U),0) -> 0 | G76: =IFERROR(VLOOKUP(C76,Hoja3!$C:$D,2,FALSE),"") -> 0 | H76: 46039 | I76: PQI43-PAQUETE 499 | J76: LINEA NUEVA | K76: UNIVERSIDAD | L76: 10000064 | M76: 346072 | N76: 21691736 | O76: 5555559504 | P76: CAT XOCHIMILCO | Q76: PF | R76: 5555559504 | S76: RESIDENCIAL | T76: INBURSA-XOCHIMILCO | V76: XO_0061 | W76: PUEBLO SANTA CRUZ XOCHITEPEC
A77: POSTEADA | B77: 46035 | C77: 151292731 | D77: =IFERROR(SUMIF(Servicios_Promotores!$B:$B,C77,Servicios_Promotores!$R:$R),0) -> 0 | E77: =IFERROR(SUMIF(Pago_GERE!$B:$B,C77,Pago_GERE!$R:$R),0) -> 0 | F77: =IFERROR(SUMIF(Hoja2!$H:$H,C77,Hoja2!$U:$U),0) -> 1881 | G77: =IFERROR(VLOOKUP(C77,Hoja3!$C:$D,2,FALSE),"") -> 0 | H77: 46035 | I77: PQI37-PAQUETE CONECTES NEGOCIO | J77: LINEA NUEVA | K77: UNIVERSIDAD | L77: 10000064 | M77: 346072 | N77: 21615152 | O77: 5521563088 | P77: CAT XOCHIMILCO | Q77: PF | R77: 5521563088 | S77: COMERCIAL | T77: INBURSA-XOCHIMILCO | V77: SS_0019 | W77: SAN MATEO XALPA
A78: POSTEADA | B78: 46035 | C78: 151293374 | D78: =IFERROR(SUMIF(Servicios_Promotores!$B:$B,C78,Servicios_Promotores!$R:$R),0) -> 0 | E78: =IFERROR(SUMIF(Pago_GERE!$B:$B,C78,Pago_GERE!$R:$R),0) -> 0 | F78: =IFERROR(SUMIF(Hoja2!$H:$H,C78,Hoja2!$U:$U),0) -> 0 | G78: =IFERROR(VLOOKUP(C78,Hoja3!$C:$D,2,FALSE),"") -> 0 | H78: 46042 | I78: PFR24-INFINITUM NEGOCIO 349 | J78: LINEA NUEVA | K78: UNIVERSIDAD | L78: 10000064 | M78: 346072 | N78: 21618789 | O78: 5556319295 | P78: CAT PLAZA INBURSA | Q78: PF | R78: 5556319295 | S78: COMERCIAL | T78: INBURSA-XOCHIMILCO | V78: HP_0180 | W78: SAN NICOLAS TOTOLAPAN
A79: POSTEADA | B79: 46035 | C79: 151293064 | D79: =IFERROR(SUMIF(Servicios_Promotores!$B:$B,C79,Servicios_Promotores!$R:$R),0) -> 0 | E79: =IFERROR(SUMIF(Pago_GERE!$B:$B,C79,Pago_GERE!$R:$R),0) -> 0 | F79: =IFERROR(SUMIF(Hoja2!$H:$H,C79,Hoja2!$U:$U),0) -> 898 | G79: =IFERROR(VLOOKUP(C79,Hoja3!$C:$D,2,FALSE),"") -> 0 | H79: 46038 | I79: PFR24-INFINITUM NEGOCIO 349 | J79: LINEA NUEVA | K79: UNIVERSIDAD | L79: 10000064 | M79: 346072 | N79: 21616986 | O79: 5556443529 | P79: CAT PLAZA INBURSA | Q79: PF | R79: 5556443529 | S79: COMERCIAL | T79: INBURSA-XOCHIMILCO | V79: HP_0159 | W79: SAN NICOLAS TOTOLAPAN
A80: POSTEADA | B80: 46035 | C80: 151293410 | D80: =IFERROR(SUMIF(Servicios_Promotores!$B:$B,C80,Servicios_Promotores!$R:$R),0) -> 0 | E80: =IFERROR(SUMIF(Pago_GERE!$B:$B,C80,Pago_GERE!$R:$R),0) -> 0 | F80: =IFERROR(SUMIF(Hoja2!$H:$H,C80,Hoja2!$U:$U),0) -> 1647 | G80: =IFERROR(VLOOKUP(C80,Hoja3!$C:$D,2,FALSE),"") -> 0 | H80: 46038 | I80: PFR24-INFINITUM NEGOCIO 349 | J80: LINEA NUEVA | K80: UNIVERSIDAD | L80: 10000064 | M80: 346072 | N80: 21619020 | O80: 5556443551 | P80: CAT PLAZA INBURSA | Q80: PF | R80: 5556443551 | S80: COMERCIAL | T80: INBURSA-XOCHIMILCO | V80: HP_0159 | W80: SAN NICOLAS TOTOLAPAN
A81: POSTEADA | B81: 46130 | C81: 151465310 | D81: =IFERROR(SUMIF(Servicios_Promotores!$B:$B,C81,Servicios_Promotores!$R:$R),0) -> 263 | E81: =IFERROR(SUMIF(Pago_GERE!$B:$B,C81,Pago_GERE!$R:$R),0) -> 187 | F81: =IFERROR(SUMIF(Hoja2!$H:$H,C81,Hoja2!$U:$U),0) -> 0 | G81: =IFERROR(VLOOKUP(C81,Hoja3!$C:$D,2,FALSE),"") -> 0 | H81: 46133 | I81: INF19-PAQUETE 389 | J81: LINEA PORTADA | K81: BALBUENA | L81: 10000064 | M81: 346072 | N81: 24498715 | O81: 5557727376 | P81: CAT MALINCHE | Q81: PF | R81: 5557727376 | S81: RESIDENCIAL | T81: BALBUENA | V81: AP_0030 | W81: MORELOS
A82: POSTEADA | B82: 46130 | C82: 151465766 | D82: =IFERROR(SUMIF(Servicios_Promotores!$B:$B,C82,Servicios_Promotores!$R:$R),0) -> 318 | E82: =IFERROR(SUMIF(Pago_GERE!$B:$B,C82,Pago_GERE!$R:$R),0) -> 272 | F82: =IFERROR(SUMIF(Hoja2!$H:$H,C82,Hoja2!$U:$U),0) -> 0 | G82: =IFERROR(VLOOKUP(C82,Hoja3!$C:$D,2,FALSE),"") -> 0 | H82: 46133 | I82: INF19-PAQUETE 389 | J82: LINEA PORTADA | K82: MIXCOAC | L82: 10000064 | M82: 346072 | N82: 24494036 | O82: 5552738001 | P82: CAT VALLE (MEX) | Q82: PF | R82: 5552738001 | S82: RESIDENCIAL | T82: CONDESA-INSURGENTES | V82: TY_0001 | W82: MOLINO DE SANTO DOMINGO
A83: POSTEADA | B83: 46128 | C83: 151462717 | D83: =IFERROR(SUMIF(Servicios_Promotores!$B:$B,C83,Servicios_Promotores!$R:$R),0) -> 263 | E83: =IFERROR(SUMIF(Pago_GERE!$B:$B,C83,Pago_GERE!$R:$R),0) -> 187 | F83: =IFERROR(SUMIF(Hoja2!$H:$H,C83,Hoja2!$U:$U),0) -> 0 | G83: =IFERROR(VLOOKUP(C83,Hoja3!$C:$D,2,FALSE),"") -> 0 | H83: 46133 | I83: INF19-PAQUETE 389 | J83: LINEA PORTADA | K83: MIXCOAC | L83: 10000064 | M83: 346072 | N83: 24498639 | O83: 5517134436 | P83: CAT MIXCOAC | Q83: PF | R83: 5517134436 | S83: RESIDENCIAL | T83: SANTA LUCIA | V83: RX_0002 | W83: OLIVAR DEL CONDE 2A SECCION
... A89: POSTEADA | B89: 46125 | C89: 151456324 | D89: =IFERROR(SUMIF(Servicios_Promotores!$B:$B,C89,Servicios_Promotores!$R:$R),0) -> 318 | E89: =IFERROR(SUMIF(Pago_GERE!$B:$B,C89,Pago_GERE!$R:$R),0) -> 272 | F89: =IFERROR(SUMIF(Hoja2!$H:$H,C89,Hoja2!$U:$U),0) -> 0 | G89: =IFERROR(VLOOKUP(C89,Hoja3!$C:$D,2,FALSE),"") -> 0 | H89: 46132 | I89: PQI43-PAQUETE 499 | J89: LINEA PORTADA | K89: SOTELO | L89: 10000064 | M89: 346072 | N89: 24472126 | O89: 5524665378 | P89: CAT CUAJIMALPA | Q89: PF | R89: 5524665378 | S89: RESIDENCIAL | T89: CUAJIMALPA-INTERLOMAS | V89: SX_0006 | W89: SAN MATEO TLALTENANGO
B90: 46083 | C90: 151380411 | D90: =IFERROR(SUMIF(Servicios_Promotores!$B:$B,C90,Servicios_Promotores!$R:$R),0) -> 0 | E90: =IFERROR(SUMIF(Pago_GERE!$B:$B,C90,Pago_GERE!$R:$R),0) -> 0 | F90: =IFERROR(SUMIF(Hoja2!$H:$H,C90,Hoja2!$U:$U),0) -> 0 | G90: =IFERROR(VLOOKUP(C90,Hoja3!$C:$D,2,FALSE),"") -> 0 | I90: INF19-PAQUETE 389 | J90: LINEA PORTADA | K90: ERMITA-TLAHUAC | L90: 10000064 | M90: 346072 | N90: 151380411 | O90: 5593222956 | P90: CAT MEYEHUALCO | S90: RESIDENCIAL | T90: ERMITA-MEYEHUALCO | U90: NO ELABORADA DOMICILIO INCORRECTO
B91: 46127 | C91: 151460694 | D91: =IFERROR(SUMIF(Servicios_Promotores!$B:$B,C91,Servicios_Promotores!$R:$R),0) -> 0 | E91: =IFERROR(SUMIF(Pago_GERE!$B:$B,C91,Pago_GERE!$R:$R),0) -> 0 | F91: =IFERROR(SUMIF(Hoja2!$H:$H,C91,Hoja2!$U:$U),0) -> 0 | G91: =IFERROR(VLOOKUP(C91,Hoja3!$C:$D,2,FALSE),"") -> 0 | I91: INF19-PAQUETE 389 | J91: LINEA PORTADA | K91: SOTELO | L91: 10000064 | M91: 346072 | N91: 151460694 | O91: 5595011101 | P91: CAT CUAJIMALPA | S91: RESIDENCIAL | T91: CUAJIMALPA-INTERLOMAS | U91: NO ELABORADA DUPLICADA (OTRO FOLIO SIAC) | V91: SBO0007 | W91: SANTA ROSA XOCHIAC
A92: ABIERTA | B92: 46028 | C92: 151279633 | D92: =IFERROR(SUMIF(Servicios_Promotores!$B:$B,C92,Servicios_Promotores!$R:$R),0) -> 0 | E92: =IFERROR(SUMIF(Pago_GERE!$B:$B,C92,Pago_GERE!$R:$R),0) -> 0 | F92: =IFERROR(SUMIF(Hoja2!$H:$H,C92,Hoja2!$U:$U),0) -> 0 | G92: =IFERROR(VLOOKUP(C92,Hoja3!$C:$D,2,FALSE),"") -> 0 | I92: PQI42-PAQUETE 435 | J92: LINEA PORTADA | K92: UNIVERSIDAD | L92: 10000064 | M92: 346126 | N92: 21458766 | O92: 5588697631 | P92: CAT XOCHIMILCO | Q92: MC | R92: 5588697631 | S92: RESIDENCIAL | T92: INBURSA-XOCHIMILCO
A93: ABIERTA | B93: 46084 | C93: 151384701 | D93: =IFERROR(SUMIF(Servicios_Promotores!$B:$B,C93,Servicios_Promotores!$R:$R),0) -> 0 | E93: =IFERROR(SUMIF(Pago_GERE!$B:$B,C93,Pago_GERE!$R:$R),0) -> 0 | F93: =IFERROR(SUMIF(Hoja2!$H:$H,C93,Hoja2!$U:$U),0) -> 0 | G93: =IFERROR(VLOOKUP(C93,Hoja3!$C:$D,2,FALSE),"") -> 0 | I93: PFR24-INFINITUM NEGOCIO 349 | J93: LINEA NUEVA | K93: SOTELO | L93: 10000064 | M93: 346126 | N93: 22765278 | O93: 0000000000 | P93: CAT CUAJIMALPA | Q93: MC | R93: 0000000000 | S93: COMERCIAL | T93: CUAJIMALPA-INTERLOMAS
A94: POSTEADA | B94: 46032 | C94: 151288448 | D94: =IFERROR(SUMIF(Servicios_Promotores!$B:$B,C94,Servicios_Promotores!$R:$R),0) -> 0 | E94: =IFERROR(SUMIF(Pago_GERE!$B:$B,C94,Pago_GERE!$R:$R),0) -> 0 | F94: =IFERROR(SUMIF(Hoja2!$H:$H,C94,Hoja2!$U:$U),0) -> 1148 | G94: =IFERROR(VLOOKUP(C94,Hoja3!$C:$D,2,FALSE),"") -> 0 | H94: 46036 | I94: INF19-PAQUETE 389 | J94: LINEA PORTADA | K94: BALBUENA | L94: 10000064 | M94: 346126 | N94: 21661238 | O94: 5529564734 | P94: CAT MIXHUCA | Q94: PF | R94: 5529564734 | S94: RESIDENCIAL | T94: BALBUENA | V94: MG_0144 | W94: BENITO JUAREZ SECCION 2
A95: POSTEADA | B95: 46030 | C95: 151284580 | D95: =IFERROR(SUMIF(Servicios_Promotores!$B:$B,C95,Servicios_Promotores!$R:$R),0) -> 0 | E95: =IFERROR(SUMIF(Pago_GERE!$B:$B,C95,Pago_GERE!$R:$R),0) -> 0 | F95: =IFERROR(SUMIF(Hoja2!$H:$H,C95,Hoja2!$U:$U),0) -> 0 | G95: =IFERROR(VLOOKUP(C95,Hoja3!$C:$D,2,FALSE),"") -> 0 | H95: 46060 | I95: PFR39-INFINITUM 349 | J95: LINEA NUEVA | K95: SOTELO | L95: 10000064 | M95: 346126 | N95: 21502102 | O95: 5558105562 | P95: CAT CUAJIMALPA | Q95: PF | R95: 5558105562 | S95: RESIDENCIAL | T95: CUAJIMALPA-INTERLOMAS | V95: SBO0008 | W95: SANTA ROSA XOCHIAC
A96: POSTEADA | B96: 46024 | C96: 151273590 | D96: =IFERROR(SUMIF(Servicios_Promotores!$B:$B,C96,Servicios_Promotores!$R:$R),0) -> 0 | E96: =IFERROR(SUMIF(Pago_GERE!$B:$B,C96,Pago_GERE!$R:$R),0) -> 0 | F96: =IFERROR(SUMIF(Hoja2!$H:$H,C96,Hoja2!$U:$U),0) -> 1498 | G96: =IFERROR(VLOOKUP(C96,Hoja3!$C:$D,2,FALSE),"") -> 0 | H96: 46027 | I96: PFR39-INFINITUM 349 | J96: LINEA NUEVA | K96: ERMITA-TLAHUAC | L96: 10000064 | M96: 346126 | N96: 21402065 | O96: 5558505395 | P96: CAT TLAHUAC | Q96: PF | R96: 5558505395 | S96: RESIDENCIAL | T96: TLAHUAC | V96: SLT0076 | W96: DEL MAR
B97: 46048 | C97: 151316061 | D97: =IFERROR(SUMIF(Servicios_Promotores!$B:$B,C97,Servicios_Promotores!$R:$R),0) -> 0 | E97: =IFERROR(SUMIF(Pago_GERE!$B:$B,C97,Pago_GERE!$R:$R),0) -> 0 | F97: =IFERROR(SUMIF(Hoja2!$H:$H,C97,Hoja2!$U:$U),0) -> 0 | G97: =IFERROR(VLOOKUP(C97,Hoja3!$C:$D,2,FALSE),"") -> 0 | I97: PQI43-PAQUETE 499 | J97: LINEA PORTADA | K97: ERMITA-TLAHUAC | L97: 10000064 | M97: 346126 | N97: 151316061 | O97: 5558625671 | P97: CAT TLAHUAC | S97: RESIDENCIAL | T97: TLAHUAC | U97: NO ELABORADA DOMICILIO INCORRECTO
B98: 46030 | C98: 151284649 | D98: =IFERROR(SUMIF(Servicios_Promotores!$B:$B,C98,Servicios_Promotores!$R:$R),0) -> 0 | E98: =IFERROR(SUMIF(Pago_GERE!$B:$B,C98,Pago_GERE!$R:$R),0) -> 0 | F98: =IFERROR(SUMIF(Hoja2!$H:$H,C98,Hoja2!$U:$U),0) -> 0 | G98: =IFERROR(VLOOKUP(C98,Hoja3!$C:$D,2,FALSE),"") -> 0 | I98: PQI43-PAQUETE 499 | J98: LINEA PORTADA | K98: SOTELO | L98: 10000064 | M98: 346126 | N98: 151284649 | O98: 5592783154 | P98: CAT CUAJIMALPA | S98: RESIDENCIAL | T98: CUAJIMALPA-INTERLOMAS | U98: NO ELABORADA CLIENTE DESCONOCE CONTRATACI? N
B99: 46024 | C99: 151273561 | D99: =IFERROR(SUMIF(Servicios_Promotores!$B:$B,C99,Servicios_Promotores!$R:$R),0) -> 0 | E99: =IFERROR(SUMIF(Pago_GERE!$B:$B,C99,Pago_GERE!$R:$R),0) -> 0 | F99: =IFERROR(SUMIF(Hoja2!$H:$H,C99,Hoja2!$U:$U),0) -> 0 | G99: =IFERROR(VLOOKUP(C99,Hoja3!$C:$D,2,FALSE),"") -> 0 | I99: INF19-PAQUETE 389 | J99: LINEA PORTADA | K99: ERMITA-TLAHUAC | L99: 10000064 | M99: 346126 | N99: 151273561 | O99: 5595714054 | P99: CAT TLAHUAC | S99: RESIDENCIAL | T99: TLAHUAC | U99: NO ELABORADA DOMICILIO INCORRECTO
B100: 46024 | C100: 151273531 | D100: =IFERROR(SUMIF(Servicios_Promotores!$B:$B,C100,Servicios_Promotores!$R:$R),0) -> 0 | E100: =IFERROR(SUMIF(Pago_GERE!$B:$B,C100,Pago_GERE!$R:$R),0) -> 0 | F100: =IFERROR(SUMIF(Hoja2!$H:$H,C100,Hoja2!$U:$U),0) -> 0 | G100: =IFERROR(VLOOKUP(C100,Hoja3!$C:$D,2,FALSE),"") -> 0 | I100: PQI64-PAQUETE 649 | J100: LINEA PORTADA | K100: SOTELO | L100: 10000064 | M100: 346126 | N100: 151273531 | O100: 5595947861 | P100: CAT CUAJIMALPA | S100: RESIDENCIAL | T100: CUAJIMALPA-INTERLOMAS | U100: NO ELABORADA DOMICILIO INCORRECTO
A101: ABIERTA | B101: 46035 | C101: 151293771 | D101: =IFERROR(SUMIF(Servicios_Promotores!$B:$B,C101,Servicios_Promotores!$R:$R),0) -> 0 | E101: =IFERROR(SUMIF(Pago_GERE!$B:$B,C101,Pago_GERE!$R:$R),0) -> 0 | F101: =IFERROR(SUMIF(Hoja2!$H:$H,C101,Hoja2!$U:$U),0) -> 0 | G101: =IFERROR(VLOOKUP(C101,Hoja3!$C:$D,2,FALSE),"") -> 0 | I101: INF19-PAQUETE 389 | J101: LINEA NUEVA | K101: UNIVERSIDAD | L101: 10000064 | M101: 346196 | N101: 21661273 | O101: 0000000000 | P101: CAT PLAZA INBURSA | Q101: MC | R101: 0000000000 | S101: RESIDENCIAL | T101: INBURSA-XOCHIMILCO
A102: ABIERTA | B102: 46032 | C102: 151288171 | D102: =IFERROR(SUMIF(Servicios_Promotores!$B:$B,C102,Servicios_Promotores!$R:$R),0) -> 0 | E102: =IFERROR(SUMIF(Pago_GERE!$B:$B,C102,Pago_GERE!$R:$R),0) -> 0 | F102: =IFERROR(SUMIF(Hoja2!$H:$H,C102,Hoja2!$U:$U),0) -> 0 | G102: =IFERROR(VLOOKUP(C102,Hoja3!$C:$D,2,FALSE),"") -> 0 | I102: PQI42-PAQUETE 435 | J102: LINEA PORTADA | K102: BALBUENA | L102: 10000064 | M102: 346196 | N102: 21574627 | O102: 5556336749 | P102: CAT MIXHUCA | Q102: MC | R102: 5556336749 | S102: RESIDENCIAL | T102: BALBUENA
A103: ABIERTA | B103: 46032 | C103: 151288057 | D103: =IFERROR(SUMIF(Servicios_Promotores!$B:$B,C103,Servicios_Promotores!$R:$R),0) -> 0 | E103: =IFERROR(SUMIF(Pago_GERE!$B:$B,C103,Pago_GERE!$R:$R),0) -> 0 | F103: =IFERROR(SUMIF(Hoja2!$H:$H,C103,Hoja2!$U:$U),0) -> 0 | G103: =IFERROR(VLOOKUP(C103,Hoja3!$C:$D,2,FALSE),"") -> 0 | I103: INF19-PAQUETE 389 | J103: LINEA NUEVA | K103: SOTELO | L103: 10000064 | M103: 346196 | N103: 21566028 | O103: 0000000000 | P103: CAT CUAJIMALPA | Q103: MC | R103: 0000000000 | S103: RESIDENCIAL | T103: CUAJIMALPA-INTERLOMAS | V103: NES0061
A104: ABIERTA | B104: 46031 | C104: 151286430 | D104: =IFERROR(SUMIF(Servicios_Promotores!$B:$B,C104,Servicios_Promotores!$R:$R),0) -> 0 | E104: =IFERROR(SUMIF(Pago_GERE!$B:$B,C104,Pago_GERE!$R:$R),0) -> 0 | F104: =IFERROR(SUMIF(Hoja2!$H:$H,C104,Hoja2!$U:$U),0) -> 0 | G104: =IFERROR(VLOOKUP(C104,Hoja3!$C:$D,2,FALSE),"") -> 0 | I104: INF19-PAQUETE 389 | J104: LINEA NUEVA | K104: UNIVERSIDAD | L104: 10000064 | M104: 346196 | N104: 21562686 | O104: 0000000000 | P104: CAT XOCHIMILCO | Q104: MC | R104: 0000000000 | S104: RESIDENCIAL | T104: INBURSA-XOCHIMILCO | V104: NES0061
A105: POSTEADA | B105: 46036 | C105: 151295811 | D105: =IFERROR(SUMIF(Servicios_Promotores!$B:$B,C105,Servicios_Promotores!$R:$R),0) -> 0 | E105: =IFERROR(SUMIF(Pago_GERE!$B:$B,C105,Pago_GERE!$R:$R),0) -> 0 | F105: =IFERROR(SUMIF(Hoja2!$H:$H,C105,Hoja2!$U:$U),0) -> 0 | G105: =IFERROR(VLOOKUP(C105,Hoja3!$C:$D,2,FALSE),"") -> 0 | H105: 46043 | I105: INF19-PAQUETE 389 | J105: LINEA NUEVA | K105: LOMAS | L105: 10000064 | M105: 346196 | N105: 21716090 | O105: 5552454053 | P105: CAT SOTELO | Q105: PF | R105: 5552454053 | S105: RESIDENCIAL | T105: POLANCO-CHAPULTEPEC | V105: HU_0031 | W105: MIRAMAR
...

Sheet Hoja3
A1: PISA_E | B1: Fecha | C1: Folio | D1: NOMBRE
A2: POSTEADA | B2: 46037 | C2: 151298098 | D2: ALEJANDRO CORREA
A3: POSTEADA | B3: 46038 | C3: 151300111 | D3: ALEJANDRO CORREA
A4: ABIERTA | B4: 46038 | C4: 151300232 | D4: ALEJANDRO CORREA
A5: ABIERTA | B5: 46038 | C5: 151300277 | D5: ALEJANDRO CORREA
A6: POSTEADA | B6: 46038 | C6: 151300473 | D6: ALEJANDRO CORREA
A7: POSTEADA | B7: 46039 | C7: 151301741 | D7: ALEJANDRO CORREA
B8: 46041 | C8: 151303987 | D8: ALEJANDRO CORREA
A9: POSTEADA | B9: 46041 | C9: 151304427 | D9: ALEJANDRO CORREA
A10: POSTEADA | B10: 46041 | C10: 151304540 | D10: ALEJANDRO CORREA
A11: POSTEADA | B11: 46041 | C11: 151304593 | D11: ALEJANDRO CORREA
A12: POSTEADA | B12: 46041 | C12: 151304676 | D12: ALEJANDRO CORREA
A13: ABIERTA | B13: 46041 | C13: 151304785 | D13: ALEJANDRO CORREA
A14: POSTEADA | B14: 46041 | C14: 151304953 | D14: ALEJANDRO CORREA
A15: POSTEADA | B15: 46041 | C15: 151304957 | D15: ALEJANDRO CORREA
A16: POSTEADA | B16: 46041 | C16: 151304969 | D16: ALEJANDRO CORREA
A17: POSTEADA | B17: 46041 | C17: 151305002 | D17: ALEJANDRO CORREA
A18: POSTEADA | B18: 46042 | C18: 151306053 | D18: ALEJANDRO CORREA
A19: POSTEADA | B19: 46042 | C19: 151306689 | D19: ALEJANDRO CORREA
A20: POSTEADA | B20: 46042 | C20: 151307166 | D20: ALEJANDRO CORREA
... A22: POSTEADA | B22: 46042 | C22: 151307198 | D22: ALEJANDRO CORREA
B23: 46042 | C23: 151307212 | D23: ALEJANDRO CORREA
A24: POSTEADA | B24: 46042 | C24: 151307275 | D24: ALEJANDRO CORREA
A25: POSTEADA | B25: 46042 | C25: 151307389 | D25: ALEJANDRO CORREA
A26: POSTEADA | B26: 46043 | C26: 151309189 | D26: ALEJANDRO CORREA
B27: 46043 | C27: 151309190 | D27: ALEJANDRO CORREA
B28: 46043 | C28: 151309200 | D28: ALEJANDRO CORREA
A29: POSTEADA | B29: 46043 | C29: 151309214 | D29: ALEJANDRO CORREA
A30: POSTEADA | B30: 46043 | C30: 151309258 | D30: ALEJANDRO CORREA
B31: 46043 | C31: 151309309 | D31: ALEJANDRO CORREA
A32: ABIERTA | B32: 46043 | C32: 151309342 | D32: ALEJANDRO CORREA
B33: 46043 | C33: 151309387 | D33: ALEJANDRO CORREA
A34: POSTEADA | B34: 46043 | C34: 151309423 | D34: ALEJANDRO CORREA
A35: POSTEADA | B35: 46043 | C35: 151309427 | D35: ALEJANDRO CORREA
A36: ABIERTA | B36: 46043 | C36: 151309431 | D36: ALEJANDRO CORREA
A37: POSTEADA | B37: 46043 | C37: 151309464 | D37: ALEJANDRO CORREA
A38: POSTEADA | B38: 46044 | C38: 151309793 | D38: ALEJANDRO CORREA
A39: POSTEADA | B39: 46044 | C39: 151310699 | D39: ALEJANDRO CORREA
A40: ABIERTA | B40: 46044 | C40: 151310857 | D40: ALEJANDRO CORREA
A41: ABIERTA | B41: 46044 | C41: 151311031 | D41: ALEJANDRO CORREA
B42: 46044 | C42: 151311166 | D42: ALEJANDRO CORREA
A43: ABIERTA | B43: 46044 | C43: 151311375 | D43: ALEJANDRO CORREA
A44: POSTEADA | B44: 46044 | C44: 151311431 | D44: ALEJANDRO CORREA
A45: POSTEADA | B45: 46044 | C45: 151311461 | D45: ALEJANDRO CORREA
A46: POSTEADA | B46: 46044 | C46: 151311488 | D46: ALEJANDRO CORREA
A47: ABIERTA | B47: 46044 | C47: 151311527 | D47: ALEJANDRO CORREA
A48: POSTEADA | B48: 46085 | C48: 151386817 | D48: ALEJANDRO CORREA
A49: POSTEADA | B49: 46086 | C49: 151388766 | D49: ALEJANDRO CORREA
A50: POSTEADA | B50: 46087 | C50: 151390549 | D50: AMERICA BRENDA
A51: ABIERTA | B51: 46088 | C51: 151392054 | D51: AMERICA BRENDA
A52: ABIERTA | B52: 46091 | C52: 151396791 | D52: AMERICA BRENDA
A53: ABIERTA | B53: 46091 | C53: 151396841 | D53: AMERICA BRENDA
A54: POSTEADA | B54: 46091 | C54: 151396902 | D54: AMERICA BRENDA
... A66: POSTEADA | B66: 46133 | C66: 151470043 | D66: JOSE DAVID
B67: 46134 | C67: 151471588 | D67: JOSE DAVID
A68: ABIERTA | B68: 46136 | C68: 151475967 | D68: JOSE DAVID
A69: POSTEADA | B69: 46137 | C69: 151477245 | D69: JOSE DAVID
A70: ABIERTA | B70: 46139 | C70: 151479422 | D70: JOSE DAVID
A71: POSTEADA | B71: 46139 | C71: 151479665 | D71: JOSE DAVID
A72: POSTEADA | B72: 46140 | C72: 151480988 | D72: JOSE DAVID
A73: POSTEADA | B73: 46140 | C73: 151481486 | D73: JOSE DAVID
A74: POSTEADA | B74: 46141 | C74: 151483962 | D74: JOSE DAVID
A75: ABIERTA | B75: 46143 | C75: 151486006 | D75: JOSE DAVID
A76: POSTEADA | B76: 46144 | C76: 151487136 | D76: JOSE DAVID
A77: POSTEADA | B77: 46146 | C77: 151489087 | D77: JOSE DAVID
A78: POSTEADA | B78: 46146 | C78: 151490113 | D78: JOSE DAVID
A79: POSTEADA | B79: 46148 | C79: 151494092 | D79: JOSE DAVID
... A97: POSTEADA | B97: 46093 | C97: 151401720 | D97: ELIA
B98: 46079 | C98: 151375491 | D98: ESTRELLA
B99: 46079 | C99: 151375583 | D99: ESTRELLA
A100: POSTEADA | B100: 46080 | C100: 151377414 | D100: ESTRELLA
A101: POSTEADA | B101: 46080 | C101: 151377469 | D101: ESTRELLA
A102: POSTEADA | B102: 46082 | C102: 151379619 | D102: ESTRELLA
A103: POSTEADA | B103: 46083 | C103: 151381589 | D103: ESTRELLA
A104: ABIERTA | B104: 46084 | C104: 151384220 | D104: ESTRELLA
A105: POSTEADA | B105: 46086 | C105: 151387947 | D105: ESTRELLA
A106: POSTEADA | B106: 46086 | C106: 151388431 | D106: ESTRELLA
A107: POSTEADA | B107: 46086 | C107: 151388573 | D107: ESTRELLA
A108: POSTEADA | B108: 46088 | C108: 151391140 | D108: ESTRELLA
A109: POSTEADA | B109: 46088 | C109: 151392218 | D109: ESTRELLA
A110: POSTEADA | B110: 46091 | C110: 151395109 | D110: ESTRELLA
A111: ABIERTA | B111: 46091 | C111: 151396757 | D111: ESTRELLA
... A114: POSTEADA | B114: 46099 | C114: 151409762 | D114: ESTRELLA
B115: 46099 | C115: 151409803 | D115: ESTRELLA
A116: POSTEADA | B116: 46048 | C116: 151316204 | D116: FRANCISCO MENDOZA
A117: POSTEADA | B117: 46048 | C117: 151317148 | D117: FRANCISCO MENDOZA
A118: POSTEADA | B118: 46048 | C118: 151317721 | D118: FRANCISCO MENDOZA
A119: ABIERTA | B119: 46048 | C119: 151317754 | D119: FRANCISCO MENDOZA
A120: POSTEADA | B120: 46048 | C120: 151317824 | D120: FRANCISCO MENDOZA
A121: ABIERTA | B121: 46049 | C121: 151319843 | D121: FRANCISCO MENDOZA
A122: POSTEADA | B122: 46049 | C122: 151319921 | D122: FRANCISCO MENDOZA
A123: ABIERTA | B123: 46049 | C123: 151319959 | D123: FRANCISCO MENDOZA
A124: ABIERTA | B124: 46049 | C124: 151319995 | D124: FRANCISCO MENDOZA
B125: 46049 | C125: 151320061 | D125: FRANCISCO MENDOZA
A126: POSTEADA | B126: 46049 | C126: 151320111 | D126: FRANCISCO MENDOZA
A127: POSTEADA | B127: 46049 | C127: 151320152 | D127: FRANCISCO MENDOZA
A128: POSTEADA | B128: 46050 | C128: 151322446 | D128: FRANCISCO MENDOZA
A129: ABIERTA | B129: 46050 | C129: 151322683 | D129: FRANCISCO MENDOZA
A130: POSTEADA | B130: 46051 | C130: 151324496 | D130: FRANCISCO MENDOZA
A131: ABIERTA | B131: 46051 | C131: 151324541 | D131: FRANCISCO MENDOZA
...

Sheet Hoja2
A1: MASTER | B1: EMPRESA | C1: NOMBRE_TUTOR | D1: SUBDIRECCION | E1: AREA | F1: TELEFONO | G1: FECHA_POSTEO | H1: FOLIO_SIAC | I1: OS | J1: TIPO_SERV | K1: NOMBRE_CLIENTE | L1: CAT | M1: CIUDAD | N1: ESTRATEGIA | O1: GERENTE | P1: ORGANIZACIÓN | Q1: PROMOTOR | R1: ESTATUS_PROMOTOR | S1: PAQUETE | T1: MESES_ADEUDO | U1: ADEUDO | V1: IMPORTE_PAGOS | W1: DIA_VENCIMIENTO_RECIBO | X1: TELCONTACTO | Y1: TELCELULAR | Z1: CORREO | AA1: DIRECCION | AB1: DIA_MAYOR_TRAF | AC1: HORA_MAYOR_TRAF
A2: 710 | B2: MARNA IMAGEN CREATIVA | C2: CRISTINA RUIZ | D2: METRO SUR | E2: UNIVERSIDAD | F2: 5517174025 | G2: 46044 | H2: 151309427 | I2: 21872548 | J2: NO RESIDENCIAL | K2: SANDRA AVILES SANTIAGO | L2: CAT COAPA | M2: CIUDAD DE MEXICO | N2: 10001013 | O2: EDGAR DAVID LOVERA JUAREZ | P2: Zuriel | Q2: 345495 | R2: INACTIVO | S2: Naked Neg 50 | T2: 1 | U2: 898 | V2: 1298 | W2: 18 | X2: 5549802499 | Y2: 5571676481 | Z2: sandra.avsan31@gmail.com | AA2: PLAN DE TUXTEPEC 25 XOCHIMILCO SAN LORENZO LA CEBADA 16035 | AB2: Jueves (4) | AC2: 18
A3: 710 | B3: MARNA IMAGEN CREATIVA | C3: CRISTINA RUIZ | D3: METRO SUR | E3: UNIVERSIDAD | F3: 5521575388 | G3: 46029 | H3: 151270009 | I3: 21328223 | J3: RESIDENCIAL | K3: ALONSO ESPINO SHEYLA ANAHI | L3: CAT XOCHIMILCO | M3: CIUDAD DE MEXICO | N3: 10001013 | O3: EDGAR DAVID LOVERA JUAREZ | P3: Zuriel | Q3: 344154 | R3: INACTIVO | S3: Naked $439 | T3: 4 | U3: 2525 | V3: 0 | W3: 4 | X3: 5576068360 | Y3: 5531065345 | Z3: sheylaalonso76@gmail.com | AA3: TERCERA CERRADA DE XOCHITL 79 XOCHIMILCO AMPLIACION NATIVITAS 16459 | AB3: Friday | AC3: 15
A4: 710 | B4: MARNA IMAGEN CREATIVA | C4: CRISTINA RUIZ | D4: METRO SUR | E4: UNIVERSIDAD | F4: 5522930282 | G4: 46029 | H4: 151268375 | I4: 21305402 | J4: RESIDENCIAL | K4: IBARRA ROMERO NATALYEE | L4: CAT XOCHIMILCO | M4: CIUDAD DE MEXICO | N4: 10000064 | O4: EDGAR DAVID LOVERA JUAREZ | P4: Zuriel | Q4: 326925 | R4: INACTIVO | S4: Paq. $479 (50 Mb) | T4: 4 | U4: 1571 | V4: 400 | W4: 4 | X4: 5522193689 | Y4: 5514178474 | Z4: ibarrarromeron@hotmail.com | AA4: 16 DE SEPTIEMBRE 0 XOCHIMILCO BARRIO EL ROSARIO 16070 | AB4: Martes (2) | AC4: 15
A5: 710 | B5: MARNA IMAGEN CREATIVA | C5: CRISTINA RUIZ | D5: METRO NORTE | E5: TEXCOCO-ZARAGOZA | F5: 5526326714 | G5: 46071 | H5: 151355954 | I5: 22413180 | J5: NO RESIDENCIAL | K5: CANDIDO ORTIZ GONZALEZ | L5: CAT LOS REYES (MEX) | M5: MEXICO | N5: 10001013 | O5: EDGAR DAVID LOVERA JUAREZ | P5: Zuriel | Q5: 345495 | R5: INACTIVO | S5: Naked Neg 50 | T5: 2 | U5: 999 | V5: 0 | W5: 14 | X5: 5637886409 | Y5: 5631528055 | Z5: armando.agui1824@gmail.com | AA5: RIO GRIJALVA 012 LA PAZ SAN JOSE LAS PALMAS 56512 | AB5: Jueves (4) | AC5: 13
A6: 710 | B6: MARNA IMAGEN CREATIVA | C6: CRISTINA RUIZ | D6: METRO NORTE | E6: ERMITA-TLAHUAC | F6: 5558866785 | G6: 46068 | H6: 151345444 | I6: 22290885 | J6: NO RESIDENCIAL | K6: DIEGO RODRIGO NOVELO SANCHEZ | L6: CAT CHALCO | M6: MEXICO | N6: 10000064 | O6: EDGAR DAVID LOVERA JUAREZ | P6: Zuriel | Q6: 346072 | R6: INACTIVO | S6: Naked Neg 250 ($499) | T6: 2 | U6: 1498 | V6: 0 | W6: 9 | X6: 5531519531 | Y6: 5514962605 | Z6: hlr290988@gmail.com | AA6: 1ERA CADA LOS ARENALES 33 CHALCO SAN PABLO ATLAZALPAN 56620
A7: 710 | B7: MARNA IMAGEN CREATIVA | C7: CRISTINA RUIZ | D7: METRO SUR | E7: UNIVERSIDAD | F7: 5555558619 | G7: 46031 | H7: 151281955 | I7: 21482115 | J7: RESIDENCIAL | K7: CRUZ PEREA NIDIA | L7: CAT XOCHIMILCO | M7: CIUDAD DE MEXICO | N7: 10000064 | O7: EDGAR DAVID LOVERA JUAREZ | P7: Zuriel | Q7: 326925 | R7: INACTIVO | S7: Paq. $435 (60 Mb) | T7: 1 | U7: 1070 | V7: 1917 | W7: 6 | X7: 5636140755 | Y7: 5530779440 | Z7: nidia_32@live.com.mx | AA7: CERRADA ROSA 0 XOCHIMILCO SANTA CRUZ XOCHITEPEC 16100 | AB7: Jueves (4) | AC7: 19
A8: 710 | B8: MARNA IMAGEN CREATIVA | C8: CRISTINA RUIZ | D8: METRO NORTE | E8: ERMITA-TLAHUAC | F8: 5596484584 | G8: 46032 | H8: 151272743 | I8: 21361873 | J8: RESIDENCIAL | K8: ESPINOZA MATA JULIO CESAR | L8: CAT BOSQUES | M8: CIUDAD DE MEXICO | N8: 10000064 | O8: EDGAR DAVID LOVERA JUAREZ | P8: Zuriel | Q8: 345974 | R8: INACTIVO | S8: Paq. $479 (50 Mb) | T8: 1 | U8: 389 | V8: 784 | W8: 5 | X8: 5645972945 | Y8: 5526971446 | Z8: espinozamatacesar5@gmail.com
A9: 710 | B9: MARNA IMAGEN CREATIVA | C9: CRISTINA RUIZ | D9: METRO NORTE | E9: BALBUENA | F9: 5517161708 | G9: 46079 | H9: 151373288 | I9: 22598508 | J9: RESIDENCIAL | K9: MORALES HERNANDEZ RAFAEL | L9: CAT MIXHUCA | M9: CIUDAD DE MEXICO | N9: 10000064 | O9: EDGAR DAVID LOVERA JUAREZ | P9: Zuriel | Q9: 346126 | R9: INACTIVO | S9: Paq. $479 (50 Mb) | T9: 2 | U9: 1009 | V9: 0 | W9: 23 | X9: 5528237208 | Y9: 5616182400 | Z9: rafaelmoraleshernades04@gmail.com | AA9: BENITO GOMEZ FARIAS SM 4 IZTACALCO CAMPAMENTO 2 DE OCTUBRE 08930 | AB9: Martes (2) | AC9: 10
A10: 710 | B10: MARNA IMAGEN CREATIVA | C10: CRISTINA RUIZ | D10: METRO SUR | E10: UNIVERSIDAD | F10: 5511137312 | G10: 46032 | H10: 151279447 | I10: 21459682 | J10: RESIDENCIAL | K10: HERNANDEZ REZA JOSE MAURICIO | L10: CAT XOCHIMILCO | M10: CIUDAD DE MEXICO | N10: 10000064 | O10: EDGAR DAVID LOVERA JUAREZ | P10: Zuriel | Q10: 345974 | R10: INACTIVO | S10: Naked $439 | T10: 4 | U10: 1149 | V10: 0 | W10: 6 | X10: 5512991933 | Y10: 5510720129 | Z10: mauriciohernandez134161@gmail.com | AA10: HOMBRES ILUSTRES 84 XOCHIMILCO SANTA CECILIA TEPETLAPA 16880 | AB10: Martes (2) | AC10: 16
A11: 710 | B11: MARNA IMAGEN CREATIVA | C11: CRISTINA RUIZ | D11: METRO SUR | E11: SOTELO | F11: 5516613670 | G11: 46086 | H11: 151384631 | I11: 22764779 | J11: RESIDENCIAL | K11: RAMIREZ ROBLES JONATHAN | L11: CAT CUAJIMALPA | M11: CIUDAD DE MEXICO | N11: 10000064 | O11: EDGAR DAVID LOVERA JUAREZ | P11: Zuriel | Q11: 351040 | R11: INACTIVO | S11: Paq. $479 (50 Mb) | T11: 2 | U11: 1353 | V11: 0 | W11: 4 | X11: 5539731535 | Y11: 5656828223 | Z11: jonathanbrenda427@gmail.com | AA11: LA ESCONDIDA 15 ALVARO OBREGON SANTA ROSA XOCHIAC 01830 | AB11: Viernes (5) | AC11: 21
A12: 710 | B12: MARNA IMAGEN CREATIVA | C12: CRISTINA RUIZ | D12: METRO SUR | E12: UNIVERSIDAD | F12: 5521563088 | G12: 46035 | H12: 151292731 | I12: 21615152 | J12: NO RESIDENCIAL | K12: LESLIE JOCCELIN CAMACHO SALAZA | M12: CIUDAD DE MEXICO | N12: 10000064 | O12: EDGAR DAVID LOVERA JUAREZ | P12: Zuriel | Q12: 346072 | R12: INACTIVO | S12: Pq. Conectes Neg | T12: 3 | U12: 1881 | V12: 0 | W12: 8 | X12: 5648812688 | Y12: 5637114441 | Z12: cataleyasalazar91@gmail.com | AB12: Domingo (7) | AC12: 15
A13: 710 | B13: MARNA IMAGEN CREATIVA | C13: CRISTINA RUIZ | D13: ESTADO DE MEXICO | E13: TOLUCA | F13: 5515475993 | G13: 46032 | H13: 151272932 | I13: 21374721 | J13: RESIDENCIAL | K13: LOPEZ GONZALEZ PATRICIA | L13: CAT LERMA | M13: MEXICO | N13: 10001013 | O13: EDGAR DAVID LOVERA JUAREZ | P13: Zuriel | Q13: 330804 | R13: INACTIVO | S13: Naked $439 | T13: 4 | U13: 1149 | V13: 0 | W13: 7 | X13: 5547220967 | Y13: 5547220967 | Z13: plopezgonzalez434@gmail.com | AA13: LOMA DE LOS CEDROS 454 HUIXQUILUCAN SAN JUAN YAUTEPEC 52768 | AB13: Friday | AC13: 19
A14: 710 | B14: MARNA IMAGEN CREATIVA | C14: CRISTINA RUIZ | D14: METRO SUR | E14: UNIVERSIDAD | F14: 5556413431 | G14: 46038 | H14: 151281559 | I14: 21483063 | J14: RESIDENCIAL | K14: RUIZ GONZALEZ FLOR | L14: CAT XOCHIMILCO | M14: CIUDAD DE MEXICO | N14: 10000064 | O14: EDGAR DAVID LOVERA JUAREZ | P14: Zuriel | Q14: 326925 | R14: INACTIVO | S14: Naked $439 | T14: 1 | U14: 896 | V14: 1300 | W14: 11 | X14: 5626666827 | Y14: 5543753734 | Z14: flor.ruizz153@gmail.com | AA14: COMERCIO 14 XOCHIMILCO SANTA CRUZ XOCHITEPEC 16100 | AB14: Viernes (5) | AC14: 19
A15: 710 | B15: MARNA IMAGEN CREATIVA | C15: CRISTINA RUIZ | D15: METRO NORTE | E15: ERMITA-TLAHUAC | F15: 5558434222 | G15: 46111 | H15: 151428398 | I15: 23901714 | J15: RESIDENCIAL | K15: SANTIAGO REYES GLORIA | L15: CAT TLAHUAC | M15: CIUDAD DE MEXICO | N15: 10001013 | O15: EDGAR DAVID LOVERA JUAREZ | P15: Zuriel | Q15: 348467 | R15: INACTIVO | S15: Paq. $479 (50 Mb) | T15: 1 | U15: 1390 | V15: 0 | W15: 27 | X15: 5647678984 | Y15: 5647678984 | Z15: arasantiago.hdz@gmail.com | AA15: CLAVEL 6 XOCHIMILCO SAN GREGORIO ATLAPULCO 16600 | AB15: Viernes (5) | AC15: 15
A16: 710 | B16: MARNA IMAGEN CREATIVA | C16: CRISTINA RUIZ | D16: METRO SUR | E16: MIXCOAC | F16: 5521563494 | G16: 46092 | H16: 151364539 | I16: 22500822 | J16: RESIDENCIAL | K16: MONZON LARA ISAAC IVAN | L16: CAT XOCHIMILCO | M16: CIUDAD DE MEXICO | N16: 10001013 | O16: EDGAR DAVID LOVERA JUAREZ | P16: Zuriel | Q16: 348467 | R16: INACTIVO | S16: Naked $439 | T16: 1 | U16: 849 | V16: 0 | W16: 5 | X16: 5546831566 | Y16: 5544815083 | Z16: monzonivan10@gmail.com | AA16: PINO 5 XOCHIMILCO SANTA CRUZ DE GUADALUPE 16860 | AB16: Jueves (4) | AC16: 23
A17: 710 | B17: MARNA IMAGEN CREATIVA | C17: CRISTINA RUIZ | D17: METRO SUR | E17: UNIVERSIDAD | F17: 5559495884 | G17: 46025 | H17: 151268190 | I17: 21305034 | J17: RESIDENCIAL | K17: SOLARES ROMERO CRISTINA ARELI | L17: CAT XOCHIMILCO | M17: CIUDAD DE MEXICO | N17: 10000064 | O17: EDGAR DAVID LOVERA JUAREZ | P17: Zuriel | Q17: 344157 | R17: INACTIVO | S17: Paq. $479 (50 Mb) | T17: 4 | U17: 1565 | V17: 0 | W17: 30 | X17: 5551450717 | Y17: 5619116786 | Z17: bquero271@gmail.com | AA17: 2DA CERRADA DE 22 DE OCTUBRE NATIVITAS 61 XOCHIMILCO SANTA MARIA NATIVITAS 16450 | AB17: Thursday | AC17: 19
A18: 710 | B18: MARNA IMAGEN CREATIVA | C18: CRISTINA RUIZ | D18: METRO NORTE | E18: TEXCOCO-ZARAGOZA | F18: 5592769414 | G18: 46046 | H18: 151310699 | I18: 21893011 | J18: RESIDENCIAL | K18: BADILLO ACOSTA RAUL | L18: CAT NEZAHUALCOYOTL | M18: MEXICO | N18: 10001013 | O18: EDGAR DAVID LOVERA JUAREZ | P18: Zuriel | Q18: 325078 | R18: INACTIVO | S18: Paq. $479 (50 Mb) | T18: 3 | U18: 1537 | V18: 0 | W18: 20 | X18: 5585766399 | Y18: 5621736861 | Z18: raulacosta201386@gmail.com | AA18: CALLE 1 12 NEZAHUALCOYOTL EL SOL 57200
A19: 710 | B19: MARNA IMAGEN CREATIVA | C19: CRISTINA RUIZ | D19: METRO SUR | E19: UNIVERSIDAD | F19: 5524605274 | G19: 46045 | H19: 151311461 | I19: 21896851 | J19: RESIDENCIAL | K19: MILLAN FLORES YAZMIN | L19: CAT XOCHIMILCO | M19: CIUDAD DE MEXICO | N19: 10000064 | O19: EDGAR DAVID LOVERA JUAREZ | P19: Zuriel | Q19: 346072 | R19: INACTIVO | S19: Naked $439 | T19: 3 | U19: 2096 | V19: 0 | W19: 18 | X19: 5521564252 | Y19: 5534183545 | Z19: alika_2551@yahoo.com.mx | AA19: HUEYOTITLA 3 XOCHIMILCO SAN LUCAS XOCHIMANCA 16300 | AB19: Sabado (6) | AC19: 21
A20: 710 | B20: MARNA IMAGEN CREATIVA | C20: CRISTINA RUIZ | D20: METRO SUR | E20: MIXCOAC | F20: 5559209854 | G20: 46065 | H20: 151340227 | I20: 22225190 | J20: RESIDENCIAL | K20: QUIENTERO PEREZ MARIA DEL CARM | L20: CAT MIXCOAC | M20: CIUDAD DE MEXICO | N20: 10000064 | O20: EDGAR DAVID LOVERA JUAREZ | P20: Zuriel | Q20: 346126 | R20: INACTIVO | S20: Naked $439 | T20: 3 | U20: 949 | V20: 0 | W20: 5 | X20: 5620193196 | Y20: 5610495652 | Z20: mariadelcarmenquintero560@gmail.com | AA20: 1ERA CERRADA 40 ALVARO OBREGON OLIVAR DEL CONDE 1A SECCION 01400 | AB20: Thursday | AC20: 15
A21: 710 | B21: MARNA IMAGEN CREATIVA | C21: CRISTINA RUIZ | D21: METRO SUR | E21: UNIVERSIDAD | F21: 5556184940 | G21: 46118 | H21: 151440375 | I21: 24022834 | J21: RESIDENCIAL | K21: MENDOZA VERA RUBEN | M21: MEXICO | N21: 10001013 | O21: EDGAR DAVID LOVERA JUAREZ | P21: Zuriel | Q21: 348467 | R21: INACTIVO | S21: Naked 50 ($349) | T21: 1 | U21: 1198 | V21: 0 | W21: 28 | X21: 0 | Y21: 5562329740 | Z21: rubendany134@gmail.com
A22: 710 | B22: MARNA IMAGEN CREATIVA | C22: CRISTINA RUIZ | D22: METRO SUR | E22: SOTELO | F22: 5524603795 | G22: 46093 | H22: 151396770 | I22: 22935569 | J22: RESIDENCIAL | K22: PAREDES MONDRAGON YENNIFER | L22: CAT CUAJIMALPA | M22: CIUDAD DE MEXICO | N22: 10000064 | O22: EDGAR DAVID LOVERA JUAREZ | P22: Zuriel | Q22: 350703 | R22: INACTIVO | S22: Paq. $479 (50 Mb) | T22: 1 | U22: 1372 | V22: 0 | W22: 7 | X22: 5593884153 | Y22: 5565435579 | Z22: flaqitamoon33@gmail.com | AA22: CALLE LA GRANJA 43 ALVARO OBREGON SAN BARTOLO AMEYALCO 01800 | AB22: Martes (2) | AC22: 3
A23: 710 | B23: MARNA IMAGEN CREATIVA | C23: CRISTINA RUIZ | D23: METRO SUR | E23: VALLE-SAN JUAN | F23: 5558628679 | G23: 46091 | H23: 151393793 | I23: 22885260 | J23: RESIDENCIAL | K23: LOPEZ LOPES GERARDO | L23: CAT VICTORIA | M23: CIUDAD DE MEXICO | N23: 10000064 | O23: EDGAR DAVID LOVERA JUAREZ | P23: Zuriel | Q23: 350703 | R23: INACTIVO | S23: Paq. $479 (50 Mb) | T23: 1 | U23: 978 | V23: 795 | W23: 5 | X23: 5544367897 | Y23: 5544731194 | Z23: patty.77lopez@gmail.com | AB23: Martes (2) | AC23: 19
A24: 710 | B24: MARNA IMAGEN CREATIVA | C24: CRISTINA RUIZ | D24: METRO SUR | E24: SOTELO | F24: 5581646651 | G24: 46028 | H24: 151273163 | I24: 21402994 | J24: RESIDENCIAL | K24: PACHECO PACHECO FLAVIO | L24: CAT CUAJIMALPA | M24: CIUDAD DE MEXICO | N24: 10001013 | O24: EDGAR DAVID LOVERA JUAREZ | P24: Zuriel | Q24: 325078 | R24: INACTIVO | S24: Naked 50 ($349) | T24: 4 | U24: 1098 | V24: 0 | W24: 3 | X24: 5585701646 | Y24: 5583400687 | Z24: kikamostris@gmail.com | AA24: JUAREZ PONIENTE 29 CUAJIMALPA DE MORELOS CUAJIMALPA 05000 | AB24: Sabado (6) | AC24: 20
A25: 710 | B25: MARNA IMAGEN CREATIVA | C25: CRISTINA RUIZ | D25: METRO SUR | E25: UNIVERSIDAD | F25: 5515606962 | G25: 46092 | H25: 151396798 | I25: 22936702 | J25: NO RESIDENCIAL | K25: ABARROTES VAZQUEZ | L25: CAT XOCHIMILCO | M25: CIUDAD DE MEXICO | N25: 10000064 | O25: EDGAR DAVID LOVERA JUAREZ | P25: Zuriel | Q25: 350703 | R25: INACTIVO | S25: Pq. Conectes Neg | T25: 1 | U25: 899 | V25: 0 | W25: 5 | X25: 5548351700 | Y25: 5538596111 | Z25: veliseo804@gmail.com | AA25: CIRCUITO MARTINEZ DE CASTRO 460 XOCHIMILCO SAN MATEO XALPA 16800 | AB25: Jueves (4) | AC25: 23
A26: 710 | B26: MARNA IMAGEN CREATIVA | C26: CRISTINA RUIZ | D26: METRO SUR | E26: UNIVERSIDAD | F26: 5556538598 | G26: 46118 | H26: 151437578 | I26: 24022053 | J26: RESIDENCIAL | K26: MARTINEZ BELLO PEDRO | L26: CAT XOCHIMILCO | M26: CIUDAD DE MEXICO | N26: 10000064 | O26: EDGAR DAVID LOVERA JUAREZ | P26: Zuriel | Q26: 348485 | R26: ACTIVO | S26: Paq. $479 (50 Mb) | T26: 1 | U26: 1346 | V26: 0 | W26: 28 | X26: 5521940593 | Y26: 5632501936 | Z26: pedro.mtz.bello0520@gmail.com | AA26: CARRETERA A SAN PABLO 525 XOCHIMILCO SANTIAGO TEPALCATLALPAN 16200 | AB26: Viernes (5) | AC26: 18
A27: 710 | B27: MARNA IMAGEN CREATIVA | C27: CRISTINA RUIZ | D27: METRO NORTE | E27: ERMITA-TLAHUAC | F27: 5526073993 | G27: 46059 | H27: 151326581 | I27: 22106183 | J27: RESIDENCIAL | K27: ARREDONDO HERNANDEZ SARA GEORG | L27: CAT CULHUACAN | M27: CIUDAD DE MEXICO | N27: 10000064 | O27: EDGAR DAVID LOVERA JUAREZ | P27: Zuriel | Q27: 346196 | R27: INACTIVO | S27: Paq. $479 (50 Mb) | T27: 1 | U27: 878 | V27: 1344 | W27: 2 | X27: 5541747667 | Y27: 5530414953 | Z27: sararredondoh@gmail.com | AA27: RICARDO MONJES LOPEZ 67 TLAHUAC LOS OLIVOS 13210 | AB27: Martes (2) | AC27: 23
A28: 710 | B28: MARNA IMAGEN CREATIVA | C28: CRISTINA RUIZ | D28: METRO SUR | E28: UNIVERSIDAD | F28: 5556068356 | G28: 46042 | H28: 151304953 | I28: 21824208 | J28: RESIDENCIAL | K28: DOMINGUEZ HERNANDEZ ARTURO | L28: CAT PLAZA INBURSA | M28: CIUDAD DE MEXICO | N28: 10000064 | O28: EDGAR DAVID LOVERA JUAREZ | P28: Zuriel | Q28: 346072 | R28: INACTIVO | S28: Paq. $479 (50 Mb) | T28: 3 | U28: 1095 | V28: 0 | W28: 17 | X28: 5665238960 | Y28: 5657775852 | Z28: arturodominguezhernandes13@gmail.com | AA28: RAYUELA 203 COYOACAN PEDREGAL DE CARRASCO 04700 | AB28: Sabado (6) | AC28: 7
A29: 710 | B29: MARNA IMAGEN CREATIVA | C29: CRISTINA RUIZ | D29: METRO SUR | E29: UNIVERSIDAD | F29: 5550386441 | G29: 46094 | H29: 151397079 | I29: 22930703 | J29: RESIDENCIAL | K29: HERNANDEZ MOLINA DOLORES MICHE | L29: CAT XOCHIMILCO | M29: CIUDAD DE MEXICO | N29: 10000064 | O29: EDGAR DAVID LOVERA JUAREZ | P29: Zuriel | Q29: 348485 | R29: ACTIVO | S29: Naked 50 ($349) | T29: 1 | U29: 449 | V29: 749 | W29: 7 | X29: 5511182530 | Y29: 5511182530 | Z29: danalin76@gmail.com | AA29: CALLE TEPATLA 2 XOCHIMILCO SANTA MARIA TEPEPAN 16020 | AB29: Domingo (7) | AC29: 23
A30: 710 | B30: MARNA IMAGEN CREATIVA | C30: CRISTINA RUIZ | D30: METRO NORTE | E30: BALBUENA | F30: 5517161744 | G30: 46079 | H30: 151373250 | I30: 22598540 | J30: RESIDENCIAL | K30: CERVANTES PORTILLA ALVARO | L30: CAT MIXHUCA | M30: CIUDAD DE MEXICO | N30: 10000064 | O30: EDGAR DAVID LOVERA JUAREZ | P30: Zuriel | Q30: 346126 | R30: INACTIVO | S30: Paq. $479 (50 Mb) | T30: 1 | U30: 978 | V30: 909 | W30: 23 | X30: 5520677092 | Y30: 5541281791 | Z30: rojitohero12@gmail.com | AA30: MIGUEL LERDO TEJADA 190 IZTACALCO CAMPAMENTO 2 DE OCTUBRE 08930 | AB30: Jueves (4) | AC30: 23
A31: 710 | B31: MARNA IMAGEN CREATIVA | C31: CRISTINA RUIZ | D31: METRO NORTE | E31: ERMITA-TLAHUAC | F31: 5558591014 | G31: 46113 | H31: 151436375 | I31: 23983232 | J31: RESIDENCIAL | K31: MEDINA MARTINEZ JORGE | M31: CIUDAD DE MEXICO | N31: 10000064 | O31: EDGAR DAVID LOVERA JUAREZ | P31: Zuriel | Q31: 352529 | R31: ACTIVO | S31: Paq. $479 (50 Mb) | T31: 1 | U31: 1378 | V31: 0 | W31: 27 | X31: 5641040922 | Y31: 5659728309 | Z31: ec5663362@gmail.com | AB31: Lunes (1) | AC31: 0
A32: 710 | B32: MARNA IMAGEN CREATIVA | C32: CRISTINA RUIZ | D32: METRO SUR | E32: UNIVERSIDAD | F32: 5556182777 | G32: 46084 | H32: 151371022 | I32: 22581180 | J32: RESIDENCIAL | K32: SANDOVAL MARQUEZ JOSE LUIS | L32: CAT UNIVERSIDAD | M32: CIUDAD DE MEXICO | N32: 10001013 | O32: EDGAR DAVID LOVERA JUAREZ | P32: Zuriel | Q32: 348467 | R32: INACTIVO | S32: Paq. $479 (50 Mb) | T32: 2 | U32: 1154 | V32: 0 | W32: 30 | X32: 5514818976 | Y32: 5514818976 | Z32: sandoval.joseluis2530@gmail.com | AA32: AZTAQUEMECAN 31 COYOACAN PEDREGAL DE SANTO DOMINGO 04369
A33: 710 | B33: MARNA IMAGEN CREATIVA | C33: CRISTINA RUIZ | D33: METRO NORTE | E33: ERMITA-TLAHUAC | F33: 5528680995 | G33: 46058 | H33: 151324496 | I33: 22046750 | J33: RESIDENCIAL | K33: BRAVO DE LEON YESENIA | L33: CAT TLAHUAC | M33: CIUDAD DE MEXICO | N33: 10000064 | O33: EDGAR DAVID LOVERA JUAREZ | P33: Zuriel | Q33: 346196 | R33: INACTIVO | S33: Paq. $479 (50 Mb) | T33: 2 | U33: 1249 | V33: 0 | W33: 30 | X33: 5662525638 | Y33: 5612030166 | Z33: pumaz.rebel@hotmail.com | AA33: 21 DE MARZO 21 XOCHIMILCO SAN GREGORIO ATLAPULCO 16600 | AB33: Sabado (6) | AC33: 14
A34: 710 | B34: MARNA IMAGEN CREATIVA | C34: CRISTINA RUIZ | D34: METRO SUR | E34: UNIVERSIDAD | F34: 5526157842 | G34: 46094 | H34: 151401517 | I34: 22994224 | J34: RESIDENCIAL | K34: CARRENO GARNICA VANESSA | L34: CAT PLAZA INBURSA | M34: CIUDAD DE MEXICO | N34: 10001013 | O34: EDGAR DAVID LOVERA JUAREZ | P34: Zuriel | Q34: 350677 | R34: INACTIVO | S34: Naked 50 ($349) | T34: 1 | U34: 1298 | V34: 0 | W34: 7 | X34: 5615808500 | Y34: 5615808500 | Z34: maxcruz660@gmail.com | AA34: VENUCIA 117 TLALPAN BELVEDERE AJUSCO 14720 | AB34: Miercoles (3) | AC34: 15
A35: 710 | B35: MARNA IMAGEN CREATIVA | C35: CRISTINA RUIZ | D35: METRO NORTE | E35: TEXCOCO-ZARAGOZA | F35: 5522880404 | G35: 46056 | H35: 151328620 | I35: 22086813 | J35: NO RESIDENCIAL | K35: RICARDO ALARCON SERENO | L35: CAT SANTA MARTHA | M35: CIUDAD DE MEXICO | N35: 10001013 | O35: EDGAR DAVID LOVERA JUAREZ | P35: Zuriel | Q35: 345495 | R35: INACTIVO | S35: Naked Neg 50 | T35: 3 | U35: 1847 | V35: 0 | W35: 27 | X35: 5541308283 | Y35: 5582923196 | Z35: adrianaalejandra775@gmail.com | AA35: FRANCIDSCO LUNA 13 IZTAPALAPA EJERCITO DE AGUA PRIETA 09578 | AB35: Lunes (1) | AC35: 22
A36: 710 | B36: MARNA IMAGEN CREATIVA | C36: CRISTINA RUIZ | D36: METRO SUR | E36: MIXCOAC | F36: 5571585130 | G36: 46078 | H36: 151368923 | I36: 22544193 | J36: RESIDENCIAL | K36: RAMIREZ AGUILAR JUAN CARLOS | L36: CAT CUAJIMALPA | M36: CIUDAD DE MEXICO | N36: 10000064 | O36: EDGAR DAVID LOVERA JUAREZ | P36: Zuriel | Q36: 348485 | R36: ACTIVO | S36: Paq. $479 (50 Mb) | T36: 1 | U36: 394 | V36: 746 | W36: 21 | X36: 5537576166 | Y36: 5526545859 | Z36: charlyaguilar7808@gmail.com | AA36: AGUAJE 1 LA MAGDALENA CONTRERAS EL OCOTAL 10630
A37: 710 | B37: MARNA IMAGEN CREATIVA | C37: CRISTINA RUIZ | D37: METRO SUR | E37: SOTELO | F37: 5592107092 | G37: 46087 | H37: 151373474 | I37: 22598220 | J37: RESIDENCIAL | K37: ARELLANO SALDANA LEONEL | L37: CAT CUAJIMALPA | M37: CIUDAD DE MEXICO | N37: 10000064 | O37: EDGAR DAVID LOVERA JUAREZ | P37: Zuriel | Q37: 348485 | R37: ACTIVO | S37: Paq. $479 (50 Mb) | T37: 2 | U37: 358 | V37: 0 | W37: 4 | X37: 5532418871 | Y37: 5532418871 | Z37: leonel56509@gmail.com | AA37: CDA LA ZANJA 20 CUAJIMALPA DE MORELOS SAN MATEO TLALTENANGO 05600
A38: 710 | B38: MARNA IMAGEN CREATIVA | C38: CRISTINA RUIZ | D38: METRO SUR | E38: LOMAS | F38: 5522235901 | G38: 46060 | H38: 151334592 | I38: 22173583 | J38: RESIDENCIAL | K38: ROSAS SEGUNDO MARIA DE JESUS | L38: CAT BOSQUES | M38: CIUDAD DE MEXICO | N38: 10000064 | O38: EDGAR DAVID LOVERA JUAREZ | P38: Zuriel | Q38: 348485 | R38: ACTIVO | S38: Paq. $389 (50 Mb) | T38: 3 | U38: 1013 | V38: 0 | W38: 4 | X38: 5560999912 | Y38: 5633292020 | Z38: jesusrosassegundo@gmail.com | AA38: CALZ JALALPA 136 ALVARO OBREGON CALZADA JALALPA 01260 | AB38: Martes (2) | AC38: 6
A39: 710 | B39: MARNA IMAGEN CREATIVA | C39: CRISTINA RUIZ | D39: METRO SUR | E39: SOTELO | F39: 5511065039 | G39: 46045 | H39: 151307389 | I39: 21849272 | J39: RESIDENCIAL | K39: PEREZ AGUILAR JOSE LUIS | L39: CAT SOTELO | M39: MEXICO | N39: 10001013 | O39: EDGAR DAVID LOVERA JUAREZ | P39: Zuriel | Q39: 345495 | R39: INACTIVO | S39: Naked 50 ($349) | T39: 3 | U39: 1747 | V39: 0 | W39: 18 | X39: 7121474226 | Y39: 7121474227 | Z39: jl3537280@gmail.com | AA39: JOSE LOPEZ PORTILLO 8 NAUCALPAN DE JUAREZ MARTIRES DE RIO BLANCO 53780
A40: 710 | B40: MARNA IMAGEN CREATIVA | C40: CRISTINA RUIZ | D40: METRO SUR | E40: LINDAVISTA | F40: 5530929161 | G40: 46037 | H40: 151288120 | I40: 21577052 | J40: NO RESIDENCIAL | K40: BRENDA LIZETH LOPEZ SANCHEZ | L40: CAT BELLAS ARTES | M40: CIUDAD DE MEXICO | N40: 10001013 | O40: EDGAR DAVID LOVERA JUAREZ | P40: Zuriel | Q40: 345495 | R40: INACTIVO | S40: Naked Neg 50 | T40: 3 | U40: 1298 | V40: 0 | W40: 12 | X40: 5577632446 | Y40: 5658041996 | Z40: _iguana@hotmail.com | AA40: GALEANA 27 CUAUHTEMOC GUERRERO 06300
A41: 710 | B41: MARNA IMAGEN CREATIVA | C41: CRISTINA RUIZ | D41: METRO SUR | E41: UNIVERSIDAD | F41: 5556305572 | G41: 46024 | H41: 151264261 | I41: 21289522 | J41: NO RESIDENCIAL | K41: ORLANDO | L41: CAT PLAZA INBURSA | M41: CIUDAD DE MEXICO | N41: 10000064 | O41: EDGAR DAVID LOVERA JUAREZ | P41: Zuriel | Q41: 326925 | R41: INACTIVO | S41: Pq. Conectes Neg | T41: 2 | U41: 1097 | V41: 1790 | W41: 28 | X41: 5534851511 | Y41: 7207086809 | Z41: arturo290793@gmail.com | AA41: HUEHUETAN 2 TLALPAN HEROES DE PADIERNA 14200 | AB41: Lunes (1) | AC41: 12
A42: 710 | B42: MARNA IMAGEN CREATIVA | C42: CRISTINA RUIZ | D42: METRO NORTE | E42: ERMITA-TLAHUAC | F42: 5576012665 | G42: 46094 | H42: 151384579 | I42: 22758673 | J42: NO RESIDENCIAL | K42: ESTEBAN DE JESUS OROZCO GONZAL | L42: CAT PORTALES | M42: CIUDAD DE MEXICO | N42: 10001013 | O42: EDGAR DAVID LOVERA JUAREZ | P42: Zuriel | Q42: 348467 | R42: INACTIVO | S42: Paq. Mi Neg | T42: 1 | U42: 533 | V42: 0 | W42: 7 | X42: 5538964831 | Y42: 5510045628 | Z42: mackiecerezo1@gmail.com | AA42: ATANASIO G SARABIA 10 IZTAPALAPA HEROES DE CHURUBUSCO 09090
A43: 710 | B43: MARNA IMAGEN CREATIVA | C43: CRISTINA RUIZ | D43: METRO NORTE | E43: BALBUENA | F43: 5911083084 | G43: 46036 | H43: 151288448 | I43: 21574849 | J43: RESIDENCIAL | K43: ZACARIAS TELLEZ MARIA DEL CARM | L43: CAT MIXHUCA | M43: CIUDAD DE MEXICO | N43: 10000064 | O43: EDGAR DAVID LOVERA JUAREZ | P43: Zuriel | Q43: 346126 | R43: INACTIVO | S43: Paq. $479 (50 Mb) | T43: 3 | U43: 1148 | V43: 0 | W43: 10 | X43: 5611311384 | Y43: 5611311384 | Z43: mzacariastellez974@gmail.com | AA43: ESTUDIOS CLASA 10 IZTACALCO JARDINES TECMA 08920
A44: 710 | B44: MARNA IMAGEN CREATIVA | C44: CRISTINA RUIZ | D44: METRO NORTE | E44: ERMITA-TLAHUAC | F44: 5591547505 | G44: 46065 | H44: 151345456 | I44: 22291151 | J44: NO RESIDENCIAL | K44: ANA MARIA MARTINEZ VAZQUEZ | L44: CAT CULHUACAN | M44: CIUDAD DE MEXICO | N44: 10000064 | O44: EDGAR DAVID LOVERA JUAREZ | P44: Zuriel | Q44: 346072 | R44: INACTIVO | S44: Naked Neg 250 ($499) | T44: 3 | U44: 1748 | V44: 0 | W44: 5 | X44: 5665354393 | Y44: 5531519531 | Z44: sel673608@gmail.com | AA44: 8VA CDA EJIDO 5 COYOACAN SAN FRANCISCO CULHUACAN DE SANTA ANA 04260 | AB44: Jueves (4) | AC44: 14
A45: 710 | B45: MARNA IMAGEN CREATIVA | C45: CRISTINA RUIZ | D45: METRO SUR | E45: UNIVERSIDAD | F45: 5521563113 | G45: 46073 | H45: 151363167 | I45: 22484293 | J45: RESIDENCIAL | K45: FLORES GARCIA INGRID ERENDIDA | M45: CIUDAD DE MEXICO | N45: 10000064 | O45: EDGAR DAVID LOVERA JUAREZ | P45: Zuriel | Q45: 348485 | R45: ACTIVO | S45: Paq. $479 (50 Mb) | T45: 2 | U45: 895 | V45: 0 | W45: 16 | X45: 5511208454 | Y45: 5636117590 | Z45: erendidaflores187@gmail.com | AB45: Domingo (7) | AC45: 14
A46: 710 | B46: MARNA IMAGEN CREATIVA | C46: CRISTINA RUIZ | D46: METRO SUR | E46: UNIVERSIDAD | F46: 5556443551 | G46: 46038 | H46: 151293410 | I46: 21619020 | J46: NO RESIDENCIAL | K46: XOCHITL ESTRADA HERNANDEZ | L46: CAT LORETO (MEX) | M46: CIUDAD DE MEXICO | N46: 10000064 | O46: EDGAR DAVID LOVERA JUAREZ | P46: Zuriel | Q46: 346072 | R46: INACTIVO | S46: Naked Neg 50 | T46: 3 | U46: 1647 | V46: 0 | W46: 11 | X46: 5561251202 | Y46: 5548649644 | Z46: ac8834228@gmail.com | AB46: Miercoles (3) | AC46: 11
A47: 710 | B47: MARNA IMAGEN CREATIVA | C47: CRISTINA RUIZ | D47: METRO NORTE | E47: ERMITA-TLAHUAC | F47: 5513156447 | G47: 46083 | H47: 151377414 | I47: 22682922 | J47: RESIDENCIAL | K47: QUINTANA HERNANDEZ ANTONIO | L47: CAT CULHUACAN | M47: CIUDAD DE MEXICO | N47: 10001013 | O47: EDGAR DAVID LOVERA JUAREZ | P47: Zuriel | Q47: 351030 | R47: INACTIVO | S47: Naked $439 | T47: 2 | U47: 1247 | V47: 500 | W47: 26 | X47: 5591994243 | Y47: 5636272552 | Z47: tortilleriaelcomalito494@gmail.com | AA47: AVENIDA TLAHUAC 28 IZTAPALAPA LOS REYES CULHUACAN 09840 | AB47: Martes (2) | AC47: 12
A48: 710 | B48: MARNA IMAGEN CREATIVA | C48: CRISTINA RUIZ | D48: METRO SUR | E48: LINDAVISTA | F48: 5512725999 | G48: 46081 | H48: 151377634 | I48: 22681884 | J48: RESIDENCIAL | K48: JIMENEZ DIANA FABIOLA GALLEGOS | L48: CAT MALINCHE | M48: CIUDAD DE MEXICO | N48: 10001013 | O48: EDGAR DAVID LOVERA JUAREZ | P48: Zuriel | Q48: 345495 | R48: INACTIVO | S48: Naked $439 | T48: 2 | U48: 949 | V48: 0 | W48: 23 | X48: 5549024631 | Y48: 5548171688 | Z48: gabebuchis85@gmail.com | AA48: REPUBLICA DE HONDURAS 40 CUAUHTEMOC CENTRO (AREA 3) 06020 | AB48: Domingo (7) | AC48: 13
A49: 710 | B49: MARNA IMAGEN CREATIVA | C49: CRISTINA RUIZ | D49: METRO SUR | E49: UNIVERSIDAD | F49: 5598275670 | G49: 46027 | H49: 151270339 | I49: 21326286 | J49: RESIDENCIAL | K49: VAZQUEZ TRUJILLO FELIPE | L49: CAT XOCHIMILCO | M49: CIUDAD DE MEXICO | N49: 10000064 | O49: EDGAR DAVID LOVERA JUAREZ | P49: Zuriel | Q49: 344157 | R49: INACTIVO | S49: Paq. $479 (50 Mb) | T49: 4 | U49: 753 | V49: 0 | W49: 2 | X49: 5522470152 | Y49: 5520263996 | Z49: felipevazquez40@gmail.com | AA49: PIRULES 5 XOCHIMILCO SAN LORENZO ATEMOAYA 16400
A50: 710 | B50: MARNA IMAGEN CREATIVA | C50: CRISTINA RUIZ | D50: METRO SUR | E50: UNIVERSIDAD | F50: 5556452722 | G50: 46121 | H50: 151440346 | I50: 24022468 | J50: RESIDENCIAL | K50: BAUTISTA CHAVEZ MARISELA | M50: CIUDAD DE MEXICO | N50: 10000064 | O50: EDGAR DAVID LOVERA JUAREZ | P50: Zuriel | Q50: 346072 | R50: INACTIVO | S50: Naked 50 ($349) | T50: 1 | U50: 1298 | V50: 0 | W50: 3 | X50: 5651481781 | Y50: 5662632057 | Z50: marbau1028@gmail.com | AB50: Jueves (4) | AC50: 8
A51: 710 | B51: MARNA IMAGEN CREATIVA | C51: CRISTINA RUIZ | D51: METRO SUR | E51: UNIVERSIDAD | F51: 5591347168 | G51: 46076 | H51: 151344986 | I51: 22297238 | J51: RESIDENCIAL | K51: MIRANDA FLORES CATALINA | L51: CAT XOCHIMILCO | M51: CIUDAD DE MEXICO | N51: 10000064 | O51: EDGAR DAVID LOVERA JUAREZ | P51: Zuriel | Q51: 346126 | R51: INACTIVO | S51: Paq. $479 (50 Mb) | T51: 1 | U51: 953 | V51: 800 | W51: 19 | X51: 5519824948 | Y51: 5542696774 | Z51: micatalina2@gmail.com | AA51: CIPRESES 78 XOCHIMILCO AMPLIACION SAN MARCOS NORTE 16038 | AB51: Martes (2) | AC51: 11
A52: 710 | B52: MARNA IMAGEN CREATIVA | C52: CRISTINA RUIZ | D52: METRO SUR | E52: LINDAVISTA | F52: 5591749147 | G52: 46037 | H52: 151253120 | I52: 21089429 | J52: RESIDENCIAL | K52: SANCHEZ MARTINEZ EDUARDO | L52: CAT MALINCHE | M52: CIUDAD DE MEXICO | N52: 10001013 | O52: EDGAR DAVID LOVERA JUAREZ | P52: Zuriel | Q52: 344154 | R52: INACTIVO | S52: Naked $439 | T52: 1 | U52: 898 | V52: 1198 | W52: 11 | X52: 5530317839 | Y52: 5620363636 | Z52: sanchezmartinezeduardo67@gmail.com | AA52: AZTECAS 47 CUAUHTEMOC MORELOS 06200 | AB52: Viernes (5) | AC52: 10
A53: 710 | B53: MARNA IMAGEN CREATIVA | C53: CRISTINA RUIZ | D53: METRO NORTE | E53: ERMITA-TLAHUAC | F53: 5525906336 | G53: 46029 | H53: 151271512 | I53: 21358149 | J53: RESIDENCIAL | K53: DE IBARRONDO ABRIL CERECERO | L53: CAT PORTALES | M53: CIUDAD DE MEXICO | N53: 10000064 | O53: EDGAR DAVID LOVERA JUAREZ | P53: Zuriel | Q53: 345974 | R53: INACTIVO | S53: Naked $439 | T53: 4 | U53: 1149 | V53: 0 | W53: 4 | X53: 5542719811 | Y53: 5523063310 | Z53: cereceroabril9@gmail.com | AA53: OSA MAYOR 49 COYOACAN PRADO CHURUBUSCO 04230
A54: 710 | B54: MARNA IMAGEN CREATIVA | C54: CRISTINA RUIZ | D54: METRO NORTE | E54: BALBUENA | F54: 5526101395 | G54: 46060 | H54: 151337890 | I54: 22198919 | J54: RESIDENCIAL | K54: VAZQUEZ TAPIA LUIS EDUARDO | L54: CAT CHAMIZAL | M54: ECATEPEC | N54: 10001013 | O54: EDGAR DAVID LOVERA JUAREZ | P54: Zuriel | Q54: 348467 | R54: INACTIVO | S54: Naked $439 | T54: 1 | U54: 898 | V54: 749 | W54: 4 | X54: 5512919608 | Y54: 5530811966 | Z54: alejandravaazquez203@gmail.com | AA54: CHIAPAS 65 ECATEPEC DE MORELOS EL CHAMIZAL 00000 | AB54: Miercoles (3) | AC54: 8
A55: 710 | B55: MARNA IMAGEN CREATIVA | C55: CRISTINA RUIZ | D55: METRO SUR | E55: UNIVERSIDAD | F55: 5535433980 | G55: 46093 | H55: 151398892 | I55: 22952335 | J55: RESIDENCIAL | K55: REYES NUNEZ LUIS ENRIQUE | L55: CAT INSURGENTES | M55: CIUDAD DE MEXICO | N55: 10000064 | O55: EDGAR DAVID LOVERA JUAREZ | P55: Zuriel | Q55: 351040 | R55: INACTIVO | S55: Naked 50 ($349) | T55: 1 | U55: 1198 | V55: 0 | W55: 7 | X55: 5655385344 | Y55: 5512028252 | Z55: dreams.rap.96@gmail.com | AA55: XOCHIAPAN 108 COYOACAN PEDREGAL DE SANTO DOMINGO 04369 | AB55: Sabado (6) | AC55: 12
A56: 710 | B56: MARNA IMAGEN CREATIVA | C56: CRISTINA RUIZ | D56: METRO NORTE | E56: ERMITA-TLAHUAC | F56: 5595332438 | G56: 46056 | H56: 151324616 | I56: 22040059 | J56: RESIDENCIAL | K56: ALVAREZ GUERRERO MARIA ELENA | L56: CAT CULHUACAN | M56: CIUDAD DE MEXICO | N56: 10000064 | O56: EDGAR DAVID LOVERA JUAREZ | P56: Zuriel | Q56: 346126 | R56: INACTIVO | S56: Paq. $479 (50 Mb) | T56: 1 | U56: 764 | V56: 1160 | W56: 29 | X56: 5572116630 | Y56: 5591090253 | Z56: nenaalvarezgro@gmail.com | AA56: RODOLFO DISEL 25 IZTAPALAPA SAN ANDRES TOMATLAN 09870
A57: 710 | B57: MARNA IMAGEN CREATIVA | C57: CRISTINA RUIZ | D57: METRO SUR | E57: UNIVERSIDAD | F57: 5559297099 | G57: 46030 | H57: 151278693 | I57: 21434297 | J57: NO RESIDENCIAL | K57: JIMENA CARMONA SORIANO | L57: CAT XOCHIMILCO | M57: MEXICO | N57: 10000064 | O57: EDGAR DAVID LOVERA JUAREZ | P57: Zuriel | Q57: 326925 | R57: INACTIVO | S57: Pq. Conectes Neg | T57: 3 | U57: 1021 | V57: 0 | W57: 3 | X57: 5573233397 | Y57: 5521338287 | Z57: jimesorix@gmail.com | AB57: Lunes (1) | AC57: 22
A58: 710 | B58: MARNA IMAGEN CREATIVA | C58: CRISTINA RUIZ | D58: METRO NORTE | E58: BALBUENA | F58: 5515393690 | G58: 46083 | H58: 151373324 | I58: 22598475 | J58: RESIDENCIAL | K58: CADENA ARVIZU MARIA EUGENIA | L58: CAT MIXHUCA | M58: CIUDAD DE MEXICO | N58: 10000064 | O58: EDGAR DAVID LOVERA JUAREZ | P58: Zuriel | Q58: 346126 | R58: INACTIVO | S58: Naked $439 | T58: 2 | U58: 1747 | V58: 0 | W58: 26 | X58: 5574735382 | Y58: 5631619397 | Z58: cadenaitzelyoselin@gmail.com | AA58: LERDO DE TEJADA 5 IZTACALCO CAMPAMENTO 2 DE OCTUBRE 08930 | AB58: Jueves (4) | AC58: 23
A59: 710 | B59: MARNA IMAGEN CREATIVA | C59: CRISTINA RUIZ | D59: METRO SUR | E59: UNIVERSIDAD | F59: 5521579787 | G59: 46129 | H59: 151458298 | I59: 24254941 | J59: NO RESIDENCIAL | K59: MARIA GUADALUPE CERVANTES CRUZ | L59: CAT XOCHIMILCO | M59: CIUDAD DE MEXICO | N59: 10000064 | O59: EDGAR DAVID LOVERA JUAREZ | P59: Zuriel | Q59: 346072 | R59: INACTIVO | S59: Naked Neg 50 | T59: 1 | U59: 399 | V59: 350 | W59: 8 | X59: 5578647870 | Y59: 5540739667 | Z59: xareniaylin12@gmail.com | AA59: VEREDA ALCANFORES 7 XOCHIMILCO SANTA MARIA NATIVITAS 16450 | AB59: Monday | AC59: 20
A60: 710 | B60: MARNA IMAGEN CREATIVA | C60: CRISTINA RUIZ | D60: METRO SUR | E60: UNIVERSIDAD | F60: 5515570019 | G60: 46069 | H60: 151347341 | I60: 22314114 | J60: NO RESIDENCIAL | K60: JOSE ALEJANDRO AQUINO RAMIREZ | L60: CAT PLAZA INBURSA | M60: CIUDAD DE MEXICO | N60: 10000064 | O60: EDGAR DAVID LOVERA JUAREZ | P60: Zuriel | Q60: 348485 | R60: ACTIVO | S60: Pq. Conectes Neg | T60: 1 | U60: 992 | V60: 0 | W60: 10 | X60: 5521533108 | Y60: 5522201510 | Z60: jramirezaquino@hotmail.com | AA60: GARDENIAS 13 TLALPAN MIRADOR I 14748
A61: 710 | B61: MARNA IMAGEN CREATIVA | C61: CRISTINA RUIZ | D61: METRO SUR | E61: UNIVERSIDAD | F61: 5554219400 | G61: 46078 | H61: 151368692 | I61: 22548087 | J61: RESIDENCIAL | K61: BARRON CHAVEZ SERGIO | L61: CAT INSURGENTES | M61: CIUDAD DE MEXICO | N61: 10001013 | O61: EDGAR DAVID LOVERA JUAREZ | P61: Zuriel | Q61: 348467 | R61: INACTIVO | S61: Paq. $479 (50 Mb) | T61: 1 | U61: 978 | V61: 762 | W61: 21 | X61: 5524004095 | Y61: 5575637349 | Z61: barronchavezsergio6@gmail.com | AA61: ILAMA 9 COYOACAN PEDREGAL DE SANTO DOMINGO 04369 | AB61: Miercoles (3) | AC61: 4
A62: 710 | B62: MARNA IMAGEN CREATIVA | C62: CRISTINA RUIZ | D62: METRO SUR | E62: UNIVERSIDAD | F62: 5555559599 | G62: 46034 | H62: 151281785 | I62: 21482357 | J62: RESIDENCIAL | K62: CHAVEZ LEOCADIO VERONICA | L62: CAT XOCHIMILCO | M62: CIUDAD DE MEXICO | N62: 10000064 | O62: EDGAR DAVID LOVERA JUAREZ | P62: Zuriel | Q62: 326925 | R62: INACTIVO | S62: Naked 80 ($399) | T62: 2 | U62: 598 | V62: 1798 | W62: 7 | X62: 5532656453 | Y62: 5619124620 | Z62: cavezveronica1323@gmail.com | AA62: XOCHIMILCO 28 XOCHIMILCO SANTA CRUZ XOCHITEPEC 16100 | AB62: Miercoles (3) | AC62: 21
A63: 710 | B63: MARNA IMAGEN CREATIVA | C63: CRISTINA RUIZ | D63: METRO SUR | E63: VALLE-SAN JUAN | F63: 5595276828 | G63: 46096 | H63: 151391140 | I63: 22826630 | J63: RESIDENCIAL | K63: MENDEZ IRVING MOISES CASTREJON | M63: CIUDAD DE MEXICO | N63: 10001013 | O63: EDGAR DAVID LOVERA JUAREZ | P63: Zuriel | Q63: 351030 | R63: INACTIVO | S63: Paq. $479 (50 Mb) | T63: 1 | U63: 364 | V63: 0 | W63: 11 | X63: 0 | Y63: 5514872214 | Z63: fannyy.lemus0@gmail.com
A64: 710 | B64: MARNA IMAGEN CREATIVA | C64: CRISTINA RUIZ | D64: METRO NORTE | E64: TEXCOCO-ZARAGOZA | F64: 5589086253 | G64: 46069 | H64: 151353056 | I64: 22381498 | J64: RESIDENCIAL | K64: HUERTA VICTOR ORLANDO GRACIDA | L64: CAT LOS REYES (MEX) | M64: MEXICO | N64: 10000064 | O64: EDGAR DAVID LOVERA JUAREZ | P64: Zuriel | Q64: 349726 | R64: INACTIVO | S64: Paq. $499 (100 Mb) | T64: 1 | U64: 1253 | V64: 0 | W64: 9 | X64: 5528293772 | Y64: 5639825352 | Z64: yamiletfernandezarieta@gmail.com | AA64: PRIMERO DE ENERO 3 LA PAZ RICARDO FLORES MAGON 56524 | AB64: Sabado (6) | AC64: 0
A65: 710 | B65: MARNA IMAGEN CREATIVA | C65: CRISTINA RUIZ | D65: METRO SUR | E65: UNIVERSIDAD | F65: 5552042933 | G65: 46056 | H65: 151319921 | I65: 21992179 | J65: RESIDENCIAL | K65: CHAVEZ HERNANDEZ DANIELA EDITH | L65: CAT XOCHIMILCO | M65: CIUDAD DE MEXICO | N65: 10000064 | O65: EDGAR DAVID LOVERA JUAREZ | P65: Zuriel | Q65: 346126 | R65: INACTIVO | S65: Naked $439 | T65: 3 | U65: 1847 | V65: 0 | W65: 27 | X65: 5542376474 | Y65: 5532510997 | Z65: danielachavez3112@gmail.com | AA65: AMPLIACION TEJOCOTES 9 XOCHIMILCO AMPLIACION SAN MARCOS NORTE 16038 | AB65: Domingo (7) | AC65: 19
A66: 710 | B66: MARNA IMAGEN CREATIVA | C66: CRISTINA RUIZ | D66: METRO NORTE | E66: ERMITA-TLAHUAC | F66: 5596307630 | G66: 46041 | H66: 151220338 | I66: 20623743 | J66: NO RESIDENCIAL | K66: RICARDO SO | L66: CAT SANTA MARTHA | M66: CIUDAD DE MEXICO | N66: 10000064 | O66: EDGAR DAVID LOVERA JUAREZ | P66: Zuriel | Q66: 339998 | R66: INACTIVO | S66: Pq. Conectes Neg | T66: 2 | U66: 798 | V66: 414 | W66: 13 | X66: 5620618602 | Y66: 5620618602 | Z66: ricarfosoriano@gmail.com | AA66: AV TEXCOCO 0 IZTAPALAPA SANTA MARTHA ACATITLA 09510 | AB66: Miercoles (3) | AC66: 22
A67: 710 | B67: MARNA IMAGEN CREATIVA | C67: CRISTINA RUIZ | D67: METRO NORTE | E67: BALBUENA | F67: 5524652211 | G67: 46086 | H67: 151379104 | I67: 22700772 | J67: RESIDENCIAL | K67: MARTINEZ FLORES DOLORES VANESS | L67: CAT MIXHUCA | M67: CIUDAD DE MEXICO | N67: 10000064 | O67: EDGAR DAVID LOVERA JUAREZ | P67: Zuriel | Q67: 350703 | R67: INACTIVO | S67: Naked $439 | T67: 2 | U67: 1398 | V67: 0 | W67: 4 | X67: 5647794548 | Y67: 5633172418 | Z67: vanessamartinez69408@gmail.com | AA67: SANTA MARIA 13 IZTAPALAPA APATLACO 09430
A68: 710 | B68: MARNA IMAGEN CREATIVA | C68: CRISTINA RUIZ | D68: METRO NORTE | E68: BALBUENA | F68: 5593042228 | G68: 46087 | H68: 151381611 | I68: 22726037 | J68: RESIDENCIAL | K68: JUAREZ TABARES MARGARITA | L68: CAT MIXHUCA | M68: CIUDAD DE MEXICO | N68: 10000064 | O68: EDGAR DAVID LOVERA JUAREZ | P68: Zuriel | Q68: 351037 | R68: INACTIVO | S68: Paq. $479 (50 Mb) | T68: 2 | U68: 747 | V68: 0 | W68: 4 | X68: 5527067047 | Y68: 5527067047 | Z68: tabaresmari10@gmail.com | AA68: JOSE MARIA VIGIL 5 IZTACALCO CAMPAMENTO 2 DE OCTUBRE 08930
A69: 710 | B69: MARNA IMAGEN CREATIVA | C69: CRISTINA RUIZ | D69: METRO SUR | E69: UNIVERSIDAD | F69: 5555559302 | G69: 46043 | H69: 151295966 | I69: 21688143 | J69: RESIDENCIAL | K69: ALCANTARA ENRIQUEZ GUSTSVO | L69: CAT XOCHIMILCO | M69: CIUDAD DE MEXICO | N69: 10000064 | O69: EDGAR DAVID LOVERA JUAREZ | P69: Zuriel | Q69: 346072 | R69: INACTIVO | S69: Paq. $479 (50 Mb) | T69: 2 | U69: 1158 | V69: 1098.02 | W69: 17 | X69: 5522406746 | Y69: 5564463933 | Z69: alcantaradiana95@gmail.com | AA69: XOCHIMILCO 45 XOCHIMILCO SANTA CRUZ XOCHITEPEC 16100 | AB69: Miercoles (3) | AC69: 22
A70: 710 | B70: MARNA IMAGEN CREATIVA | C70: CRISTINA RUIZ | D70: METRO SUR | E70: LINDAVISTA | F70: 5511698575 | G70: 46049 | H70: 151317824 | I70: 21972790 | J70: RESIDENCIAL | K70: ANTONIO TEJADA JOEL | L70: CAT PARQUE VIA | M70: CIUDAD DE MEXICO | N70: 10000064 | O70: EDGAR DAVID LOVERA JUAREZ | P70: Zuriel | Q70: 346196 | R70: INACTIVO | S70: Paq. $479 (50 Mb) | T70: 3 | U70: 1897 | V70: 0 | W70: 24 | X70: 5560456305 | Y70: 5637705313 | Z70: joelantoniotejada26@gmail.com | AA70: CERCA DE MIGAJAS LA GUERA 12 CUAUHTEMOC MORELOS 06200 | AB70: Domingo (7) | AC70: 17
A71: 710 | B71: MARNA IMAGEN CREATIVA | C71: CRISTINA RUIZ | D71: METRO NORTE | E71: ERMITA-TLAHUAC | F71: 5558505395 | G71: 46027 | H71: 151273590 | I71: 21402065 | J71: RESIDENCIAL | K71: CORREA RODRIGUEZ ALEJANDRO | L71: CAT CULHUACAN | M71: CIUDAD DE MEXICO | N71: 10000064 | O71: EDGAR DAVID LOVERA JUAREZ | P71: Zuriel | Q71: 346126 | R71: INACTIVO | S71: Naked $439 | T71: 4 | U71: 1498 | V71: 0 | W71: 2 | X71: 6644115833 | Y71: 5542376474 | Z71: correapersonel@gmail.com | AA71: SIRENA 48 TLAHUAC DEL MAR 13270 | AB71: Miercoles (3) | AC71: 14
A72: 710 | B72: MARNA IMAGEN CREATIVA | C72: CRISTINA RUIZ | D72: METRO NORTE | E72: BALBUENA | F72: 5596847593 | G72: 46041 | H72: 151293880 | I72: 21665719 | J72: RESIDENCIAL | K72: GUERRERO GAYOSO OMAR | L72: CAT BALBUENA | M72: CIUDAD DE MEXICO | N72: 10001013 | O72: EDGAR DAVID LOVERA JUAREZ | P72: Zuriel | Q72: 325078 | R72: INACTIVO | S72: Paq. $499 (100 Mb) | T72: 2 | U72: 997 | V72: 0 | W72: 15 | X72: 5652411280 | Y72: 5645193094 | Z72: og145908@gmail.com | AA72: CERRADA IXNAHUALTONGO 99 VENUSTIANO CARRANZA MERCED BALBUENA 15810
A73: 710 | B73: MARNA IMAGEN CREATIVA | C73: CRISTINA RUIZ | D73: METRO SUR | E73: LINDAVISTA | F73: 5526393710 | G73: 46065 | H73: 151345417 | I73: 22295967 | J73: NO RESIDENCIAL | K73: MAYRA LIZBET MACIAS RODRIGUEZ | L73: CAT BELLAS ARTES | M73: CIUDAD DE MEXICO | N73: 10000064 | O73: EDGAR DAVID LOVERA JUAREZ | P73: Zuriel | Q73: 346072 | R73: INACTIVO | S73: Naked Neg 250 ($499) | T73: 3 | U73: 2195 | V73: 2 | W73: 7 | X73: 5510563000 | Y73: 5658301189 | Z73: lm4718701@gmail.com | AA73: PLAZA DE LA CONCEPCION 3 CUAUHTEMOC CENTRO (AREA 2) 06010 | AB73: Lunes (1) | AC73: 20
A74: 710 | B74: MARNA IMAGEN CREATIVA | C74: CRISTINA RUIZ | D74: METRO NORTE | E74: ERMITA-TLAHUAC | F74: 5524721038 | G74: 46085 | H74: 151383206 | I74: 22765664 | J74: RESIDENCIAL | K74: SANCHEZ GARCIA GENESIS JHARLIN | L74: CAT CULHUACAN | M74: CIUDAD DE MEXICO | N74: 10000064 | O74: EDGAR DAVID LOVERA JUAREZ | P74: Zuriel | Q74: 350703 | R74: INACTIVO | S74: Paq. $389 (50 Mb) | T74: 2 | U74: 1459 | V74: 0 | W74: 2 | X74: 5611628271 | Y74: 7207456490 | Z74: alegriasolid@gmail.com | AA74: CARLOS BOSSUT 15 IZTAPALAPA SAN ANDRES TOMATLAN 09870 | AB74: Domingo (7) | AC74: 14
A75: 710 | B75: MARNA IMAGEN CREATIVA | C75: CRISTINA RUIZ | D75: METRO SUR | E75: LINDAVISTA | F75: 5591749062 | G75: 46036 | H75: 151284161 | I75: 21506817 | J75: RESIDENCIAL | K75: JORGE TENA JADE MAYRIN | L75: CAT MALINCHE | M75: CIUDAD DE MEXICO | N75: 10001013 | O75: EDGAR DAVID LOVERA JUAREZ | P75: Zuriel | Q75: 325078 | R75: INACTIVO | S75: Paq. $479 (50 Mb) | T75: 1 | U75: 979 | V75: 1259 | W75: 9 | X75: 5512496660 | Y75: 5516817984 | Z75: anet.selaron@gmail.com | AA75: TOLTECAS 0 CUAUHTEMOC MORELOS 06200 | AB75: Domingo (7) | AC75: 12
A76: 710 | B76: MARNA IMAGEN CREATIVA | C76: CRISTINA RUIZ | D76: METRO SUR | E76: UNIVERSIDAD | F76: 5556443529 | G76: 46038 | H76: 151293064 | I76: 21616986 | J76: NO RESIDENCIAL | K76: MARIA DE LOS ANGELES GONZALEZ | L76: CAT LORETO (MEX) | M76: MEXICO | N76: 10000064 | O76: EDGAR DAVID LOVERA JUAREZ | P76: Zuriel | Q76: 346072 | R76: INACTIVO | S76: Naked Neg 50 | T76: 1 | U76: 898 | V76: 1198 | W76: 11 | X76: 5525151797 | Y76: 5525151779 | Z76: angelesgemela20@gmail.com | AB76: Viernes (5) | AC76: 5
A77: 710 | B77: MARNA IMAGEN CREATIVA | C77: CRISTINA RUIZ | D77: METRO SUR | E77: UNIVERSIDAD | F77: 5550873837 | G77: 46045 | H77: 151309189 | I77: 21872792 | J77: RESIDENCIAL | K77: MOLINA HERNANDEZ ABYGAIL | L77: CAT XOCHIMILCO | M77: CIUDAD DE MEXICO | N77: 10000064 | O77: EDGAR DAVID LOVERA JUAREZ | P77: Zuriel | Q77: 346072 | R77: INACTIVO | S77: Naked $439 | T77: 3 | U77: 1747 | V77: 0 | W77: 18 | X77: 5617055162 | Y77: 5617055126 | Z77: abymolinah111@gmail.com | AA77: TERCERA CERRADA DE CIRUELOS 1 XOCHIMILCO SANTA MARIA NATIVITAS 16450 | AB77: Martes (2) | AC77: 3
A78: 710 | B78: MARNA IMAGEN CREATIVA | C78: CRISTINA RUIZ | D78: METRO SUR | E78: LINDAVISTA | F78: 5551317923 | G78: 46093 | H78: 151388766 | I78: 22808562 | J78: NO RESIDENCIAL | K78: BELLEZA NAILS | L78: CAT BELLAS ARTES | M78: CIUDAD DE MEXICO | N78: 10000064 | O78: EDGAR DAVID LOVERA JUAREZ | P78: Zuriel | Q78: 346126 | R78: INACTIVO | S78: Pq. Conectes Neg | T78: 1 | U78: 1290 | V78: 0 | W78: 7 | X78: 5557424511 | Y78: 5612937808 | Z78: mejialine99@gmail.com | AA78: ALTUNA 4 CUAUHTEMOC CENTRO (AREA 2) 06010 | AB78: Sabado (6) | AC78: 6
A79: 710 | B79: MARNA IMAGEN CREATIVA | C79: CRISTINA RUIZ | D79: METRO SUR | E79: MIXCOAC | F79: 5515592087 | G79: 46121 | H79: 151443918 | I79: 24068820 | J79: RESIDENCIAL | K79: GARCIA LOPEZ BULMARO | L79: CAT LORETO (MEX) | M79: CIUDAD DE MEXICO | N79: 10001013 | O79: EDGAR DAVID LOVERA JUAREZ | P79: Zuriel | Q79: 348467 | R79: INACTIVO | S79: Paq. $435 (60 Mb) | T79: 1 | U79: 1320 | V79: 0 | W79: 3 | X79: 5540876577 | Y79: 5540876577 | Z79: tapiapao2020@gmail.com | AA79: OJO DE AGUA 2 LA MAGDALENA CONTRERAS HUAYATLA 10360 | AB79: Martes (2) | AC79: 0
A80: 710 | B80: MARNA IMAGEN CREATIVA | C80: CRISTINA RUIZ | D80: METRO NORTE | E80: BALBUENA | F80: 5592631719 | G80: 46027 | H80: 151270149 | I80: 21325056 | J80: RESIDENCIAL | K80: ROJAS MORAN BLANCA ESTER | L80: CAT MIXHUCA | M80: CIUDAD DE MEXICO | N80: 10000064 | O80: EDGAR DAVID LOVERA JUAREZ | P80: Zuriel | Q80: 346196 | R80: INACTIVO | S80: Paq. $750 (500 Mb) | T80: 2 | U80: 1450 | V80: 1425 | W80: 4 | X80: 5542754813 | Y80: 5577672522 | Z80: sirena-word@hotmail.com | AA80: MARTIN CARRERA 18 IZTACALCO CAMPAMENTO 2 DE OCTUBRE 08930
A81: 710 | B81: MARNA IMAGEN CREATIVA | C81: CRISTINA RUIZ | D81: METRO NORTE | E81: BALBUENA | F81: 5596821214 | G81: 46086 | H81: 151379133 | I81: 22701348 | J81: RESIDENCIAL | K81: CANO HERNANDEZ SALVADOR | L81: CAT MIXHUCA | M81: CIUDAD DE MEXICO | N81: 10000064 | O81: EDGAR DAVID LOVERA JUAREZ | P81: Zuriel | Q81: 350703 | R81: INACTIVO | S81: Paq. $479 (50 Mb) | T81: 2 | U81: 753 | V81: 0 | W81: 4 | X81: 5634867155 | Y81: 5516406628 | Z81: salvadorcanoherrnandez@gmail.com | AA81: CANAL DE TEZONTLE 1 IZTACALCO LOS PICOS DE IZTACALCO SECCION 1A 08770
A82: 710 | B82: MARNA IMAGEN CREATIVA | C82: CRISTINA RUIZ | D82: METRO NORTE | E82: BALBUENA | F82: 5591806941 | G82: 46094 | H82: 151401217 | I82: 22982670 | J82: RESIDENCIAL | K82: MURRIETA ALVARADO KARINA LILIA | L82: CAT MIXHUCA | M82: CIUDAD DE MEXICO | N82: 10000064 | O82: EDGAR DAVID LOVERA JUAREZ | P82: Zuriel | Q82: 351037 | R82: INACTIVO | S82: Naked 80 ($399) | T82: 1 | U82: 1398 | V82: 0 | W82: 7 | X82: 5612866980 | Y82: 5664593409 | Z82: karinamurrieta1718@gmail.com | AA82: CANAL DE APATLACO 225 IZTAPALAPA APATLACO 09430 | AB82: Martes (2) | AC82: 21
A83: 710 | B83: MARNA IMAGEN CREATIVA | C83: CRISTINA RUIZ | D83: METRO SUR | E83: UNIVERSIDAD | F83: 5543177320 | G83: 46087 | H83: 151386732 | I83: 22783613 | J83: NO RESIDENCIAL | K83: EDUARDO GUERRERO TOVAR | L83: CAT PLAZA INBURSA | M83: CIUDAD DE MEXICO | N83: 10001013 | O83: EDGAR DAVID LOVERA JUAREZ | P83: Zuriel | Q83: 345495 | R83: INACTIVO | S83: Naked Neg 50 | T83: 2 | U83: 1298 | V83: 0 | W83: 4 | X83: 5543107835 | Y83: 5521103906 | Z83: eduardoguerrerotovar973@gmail.com | AA83: FERROCARRIL 7 LA MAGDALENA CONTRERAS SAN NICOLAS TOTOLAPAN 10900 | AB83: Viernes (5) | AC83: 15
A84: 710 | B84: MARNA IMAGEN CREATIVA | C84: CRISTINA RUIZ | D84: METRO SUR | E84: UNIVERSIDAD | F84: 5556412654 | G84: 46116 | H84: 151437088 | I84: 24011181 | J84: RESIDENCIAL | K84: HERNANDEZ ALMARAZ LUIS ENRIQUE | L84: CAT XOCHIMILCO | M84: CIUDAD DE MEXICO | N84: 10000064 | O84: EDGAR DAVID LOVERA JUAREZ | P84: Zuriel | Q84: 346072 | R84: INACTIVO | S84: Paq. $479 (50 Mb) | T84: 1 | U84: 1359 | V84: 0 | W84: 27 | X84: 7535396191 | Y84: 7535396191 | Z84: lh8678825@gmail.com | AA84: CALLE MEZCLAN 6 XOCHIMILCO SAN LUCAS XOCHIMANCA 16300 | AB84: Martes (2) | AC84: 20
A85: 710 | B85: MARNA IMAGEN CREATIVA | C85: CRISTINA RUIZ | D85: METRO NORTE | E85: ERMITA-TLAHUAC | F85: 5589430542 | G85: 46073 | H85: 151347004 | I85: 22319599 | J85: RESIDENCIAL | K85: ORTIZ CAMACHO JOEL | L85: CAT CULHUACAN | M85: CIUDAD DE MEXICO | N85: 10000064 | O85: EDGAR DAVID LOVERA JUAREZ | P85: Zuriel | Q85: 349726 | R85: INACTIVO | S85: Paq. $499 (100 Mb) | T85: 2 | U85: 505 | V85: 0 | W85: 17 | X85: 5532370205 | Y85: 5529144608 | Z85: joelos0071@gmail.com | AA85: TLAPATONGO 14 IZTAPALAPA SAN LORENZO TEZONCO 09790
A86: 710 | B86: MARNA IMAGEN CREATIVA | C86: CRISTINA RUIZ | D86: METRO SUR | E86: VALLE-SAN JUAN | F86: 5519458939 | G86: 46095 | H86: 151396641 | I86: 22928773 | J86: NO RESIDENCIAL | K86: CARJ | L86: CAT MALINCHE | M86: CIUDAD DE MEXICO | N86: 10000064 | O86: EDGAR DAVID LOVERA JUAREZ | P86: Zuriel | Q86: 351037 | R86: INACTIVO | S86: Pq. Conectes Neg | T86: 1 | U86: 1375 | V86: 0 | W86: 9 | X86: 5627627021 | Y86: 5616030358 | Z86: davivales556@gmail.com | AA86: SAN CIPRIANO 59 VENUSTIANO CARRANZA ZONA CENTRO 15100 | AB86: Jueves (4) | AC86: 12
A87: 710 | B87: MARNA IMAGEN CREATIVA | C87: CRISTINA RUIZ | D87: METRO SUR | E87: LOMAS | F87: 5598252063 | G87: 46029 | H87: 151264359 | I87: 21254379 | J87: RESIDENCIAL | K87: FLORES HERNANDEZ DANIEL | L87: CAT BOSQUES | M87: CIUDAD DE MEXICO | N87: 10000064 | O87: EDGAR DAVID LOVERA JUAREZ | P87: Zuriel | Q87: 339998 | R87: INACTIVO | S87: Paq. $479 (50 Mb) | T87: 3 | U87: 1167 | V87: 413 | W87: 4 | X87: 5535876004 | Y87: 5535876004 | Z87: saradaniela110524@gmail.com | AA87: CERRADA DE VALDEZ 0 ALVARO OBREGON CALZADA JALALPA 01260
A88: 710 | B88: MARNA IMAGEN CREATIVA | C88: CRISTINA RUIZ | D88: METRO NORTE | E88: ERMITA-TLAHUAC | F88: 5596670262 | G88: 46086 | H88: 151375445 | I88: 22621589 | J88: RESIDENCIAL | K88: HERRERA POLINA MARIA INEZ | L88: CAT CULHUACAN | M88: CIUDAD DE MEXICO | N88: 10001013 | O88: EDGAR DAVID LOVERA JUAREZ | P88: Zuriel | Q88: 350677 | R88: INACTIVO | S88: Paq. $435 (60 Mb) | T88: 2 | U88: 410 | V88: 0 | W88: 4 | X88: 5527205513 | Y88: 7131185132 | Z88: molinaherreradianaguadalupe@gmail.com | AA88: CARAPAN 3 IZTAPALAPA BENITO JUAREZ 09859
A89: 710 | B89: MARNA IMAGEN CREATIVA | C89: CRISTINA RUIZ | D89: METRO NORTE | E89: ERMITA-TLAHUAC | F89: 5526425375 | G89: 46074 | H89: 151347418 | I89: 22315423 | J89: RESIDENCIAL | K89: ALFARO GARCIA FLOR ESMERALDA | L89: CAT TLAHUAC | M89: CIUDAD DE MEXICO | N89: 10000064 | O89: EDGAR DAVID LOVERA JUAREZ | P89: Zuriel | Q89: 346126 | R89: INACTIVO | S89: Paq. $479 (50 Mb) | T89: 2 | U89: 889 | V89: 0 | W89: 18 | X89: 5563423533 | Y89: 5637474044 | Z89: alfaroesmeralda744@gmail.com | AA89: 1ER CALLEJON CALVARIO 7 TLAHUAC SELENE 13420 | AB89: Thursday | AC89: 8
A90: 710 | B90: MARNA IMAGEN CREATIVA | C90: CRISTINA RUIZ | D90: METRO SUR | E90: MIXCOAC | F90: 5516757059 | G90: 46121 | H90: 151443758 | I90: 24075269 | J90: RESIDENCIAL | K90: ALVAREZ JUAREZ HERCTORMIGUEL | L90: CAT LORETO (MEX) | M90: CIUDAD DE MEXICO | N90: 10000064 | O90: EDGAR DAVID LOVERA JUAREZ | P90: Zuriel | Q90: 346072 | R90: INACTIVO | S90: Naked 50 ($349) | T90: 1 | U90: 1298 | V90: 0 | W90: 3 | X90: 5578844908 | Y90: 5539652672 | Z90: hek20alva@gmail.com | AA90: FERROCARRIL DE CUERNAVACA 24 LA MAGDALENA CONTRERAS BARRIO SAN FRANCISCO 10500 | AB90: Viernes (5) | AC90: 22
A91: 710 | B91: MARNA IMAGEN CREATIVA | C91: CRISTINA RUIZ | D91: METRO SUR | E91: UNIVERSIDAD | F91: 5593773834 | G91: 46034 | H91: 151281521 | I91: 21475379 | J91: RESIDENCIAL | K91: TORRES DOMINGUEZ MARIA AZUCENA | L91: CAT INSURGENTES | M91: CIUDAD DE MEXICO | N91: 10000064 | O91: EDGAR DAVID LOVERA JUAREZ | P91: Zuriel | Q91: 345974 | R91: INACTIVO | S91: Paq. $479 (50 Mb) | T91: 3 | U91: 1160 | V91: 0 | W91: 5 | X91: 5554681292 | Y91: 5526893050 | Z91: aslogan@hotmail.com | AA91: DALIAS 111 COYOACAN PEDREGAL DE SANTO DOMINGO 04369
A92: 710 | B92: MARNA IMAGEN CREATIVA | C92: CRISTINA RUIZ | D92: METRO SUR | E92: SOTELO | F92: 5558107162 | G92: 46073 | H92: 151328027 | I92: 22100339 | J92: RESIDENCIAL | K92: CUMPLIDO RAMIREZ RAUL | L92: CAT CUAJIMALPA | M92: CIUDAD DE MEXICO | N92: 10000064 | O92: EDGAR DAVID LOVERA JUAREZ | P92: Zuriel | Q92: 346126 | R92: INACTIVO | S92: Paq. $389 (50 Mb) | T92: 1 | U92: 878 | V92: 795 | W92: 17 | X92: 5656523910 | Y92: 5567789302 | Z92: cumplidor730@gmail.com | AA92: ULTIMA CENTENARIO 10 ALVARO OBREGON SANTA ROSA XOCHIAC 01830 | AB92: Viernes (5) | AC92: 7
A93: 710 | B93: MARNA IMAGEN CREATIVA | C93: CRISTINA RUIZ | D93: METRO NORTE | E93: ERMITA-TLAHUAC | F93: 5551311419 | G93: 46050 | H93: 151295939 | I93: 21690558 | J93: RESIDENCIAL | K93: MARQUEZ ORDUNO GABRIEL | L93: CAT TLAHUAC | M93: CIUDAD DE MEXICO | N93: 10001013 | O93: EDGAR DAVID LOVERA JUAREZ | P93: Zuriel | Q93: 325078 | R93: INACTIVO | S93: Paq. $479 (50 Mb) | T93: 3 | U93: 1891 | V93: 0 | W93: 24 | X93: 5540816613 | Y93: 5573103245 | Z93: celisjavier32@gmail.com | AA93: CELAYA 0 XOCHIMILCO TLAXOPAN 1A SECCION 16240 | AB93: Saturday | AC93: 11
A94: 710 | B94: MARNA IMAGEN CREATIVA | C94: CRISTINA RUIZ | D94: METRO SUR | E94: LOMAS | F94: 5522235863 | G94: 46059 | H94: 151334679 | I94: 22169083 | J94: RESIDENCIAL | K94: BUENROSTRO ACOSTA LUIS ENRIQUE | L94: CAT BOSQUES | M94: CIUDAD DE MEXICO | N94: 10000064 | O94: EDGAR DAVID LOVERA JUAREZ | P94: Zuriel | Q94: 348485 | R94: ACTIVO | S94: Naked $439 | T94: 3 | U94: 1298 | V94: 0 | W94: 2 | X94: 5512011126 | Y94: 5559646362 | Z94: suleimabuenrostro@gmail.com | AA94: 2DA DE ALLENDE 23 ALVARO OBREGON JALALPA TEPITO 01296 | AB94: Miercoles (3) | AC94: 0
A95: 710 | B95: MARNA IMAGEN CREATIVA | C95: CRISTINA RUIZ | D95: METRO SUR | E95: LINDAVISTA | F95: 5521216592 | G95: 46085 | H95: 151365764 | I95: 22519592 | J95: NO RESIDENCIAL | K95: SORIANO ABARROTES | L95: CAT BELLAS ARTES | M95: CIUDAD DE MEXICO | N95: 10000064 | O95: EDGAR DAVID LOVERA JUAREZ | P95: Zuriel | Q95: 346126 | R95: INACTIVO | S95: Pq. Conectes Neg | T95: 2 | U95: 1375 | V95: 0 | W95: 2 | X95: 5637549419 | Y95: 5551994227 | Z95: sorianomar902@gmail.com | AA95: ALTUNA 4 CUAUHTEMOC CENTRO (AREA 2) 06010 | AB95: Viernes (5) | AC95: 11
A96: 710 | B96: MARNA IMAGEN CREATIVA | C96: CRISTINA RUIZ | D96: METRO SUR | E96: UNIVERSIDAD | F96: 5522930423 | G96: 46025 | H96: 151268396 | I96: 21306552 | J96: RESIDENCIAL | K96: VELAZQUEZ ROSALES ENDY | L96: CAT XOCHIMILCO | M96: CIUDAD DE MEXICO | N96: 10000064 | O96: EDGAR DAVID LOVERA JUAREZ | P96: Zuriel | Q96: 326925 | R96: INACTIVO | S96: Paq. $479 (50 Mb) | T96: 2 | U96: 1353 | V96: 1479 | W96: 30 | X96: 5657649387 | Y96: 5581808982 | Z96: endyvelazquez48@gmail.com | AA96: AVENIDA GUADALUPE RAMIREZ 28 XOCHIMILCO BARRIO SAN ANTONIO 16000 | AB96: Martes (2) | AC96: 14
A97: 710 | B97: MARNA IMAGEN CREATIVA | C97: CRISTINA RUIZ | D97: METRO SUR | E97: LINDAVISTA | F97: 5555266735 | G97: 46045 | H97: 151304593 | I97: 21822942 | J97: RESIDENCIAL | K97: LOPEZ HERRERA ARTURO | L97: CAT MALINCHE | M97: CIUDAD DE MEXICO | N97: 10000064 | O97: EDGAR DAVID LOVERA JUAREZ | P97: Zuriel | Q97: 346072 | R97: INACTIVO | S97: Paq. $479 (50 Mb) | T97: 3 | U97: 1465 | V97: 0 | W97: 19 | X97: 5662743371 | Y97: 5662743371 | Z97: ricardosalazargaspar@gmail.com | AA97: REPUBLICA DE COSTARICA COLONIA CENTRO 26 CUAUHTEMOC CENTRO (AREA 3) 06020 | AB97: Lunes (1) | AC97: 21
A98: 710 | B98: MARNA IMAGEN CREATIVA | C98: CRISTINA RUIZ | D98: METRO NORTE | E98: BALBUENA | F98: 5552445156 | G98: 46037 | H98: 151286333 | I98: 21573430 | J98: RESIDENCIAL | K98: HERNANDEZ FERNANDEZ ROBERTO MI | L98: CAT BELLAS ARTES | M98: CIUDAD DE MEXICO | N98: 10001013 | O98: EDGAR DAVID LOVERA JUAREZ | P98: Zuriel | Q98: 330804 | R98: INACTIVO | S98: Naked $439 | T98: 1 | U98: 498 | V98: 1598 | W98: 12 | X98: 5544161588 | Y98: 5611834444 | Z98: cadir9424@gmail.com | AA98: REPU DE COLOMBIA 27 CUAUHTEMOC CENTRO (AREA 2) 06010 | AB98: Lunes (1) | AC98: 18
A99: 710 | B99: MARNA IMAGEN CREATIVA | C99: CRISTINA RUIZ | D99: METRO NORTE | E99: TEXCOCO-ZARAGOZA | F99: 5515397736 | G99: 46045 | H99: 151309423 | I99: 21880064 | J99: NO RESIDENCIAL | K99: ARANDA ZAMORA MARIA DE LOURDES | L99: CAT CHIMALHUACAN | M99: MEXICO | N99: 10000064 | O99: EDGAR DAVID LOVERA JUAREZ | P99: Zuriel | Q99: 346072 | R99: INACTIVO | S99: Naked Neg 200 | T99: 3 | U99: 1698 | V99: 0 | W99: 18 | X99: 5525370915 | Y99: 5630311759 | Z99: hdz.abril@iclodd.com | AA99: ORFEBRES 0 CHIMALHUACAN TLATEL XOCHITENCO 56366 | AB99: Lunes (1) | AC99: 8
A100: 710 | B100: MARNA IMAGEN CREATIVA | C100: CRISTINA RUIZ | D100: METRO SUR | E100: UNIVERSIDAD | F100: 5596857629 | G100: 46086 | H100: 151373277 | I100: 22601871 | J100: RESIDENCIAL | K100: LOPEZ LUCAS RENE PABLO | L100: CAT UNIVERSIDAD | M100: CIUDAD DE MEXICO | N100: 10001013 | O100: EDGAR DAVID LOVERA JUAREZ | P100: Zuriel | Q100: 348467 | R100: INACTIVO | S100: Paq. $479 (50 Mb) | T100: 2 | U100: 364 | V100: 0 | W100: 4 | X100: 5637991951 | Y100: 5512183960 | Z100: lucasrene30235@gmail.com | AA100: ANACAHUITA 178 COYOACAN PEDREGAL DE SANTO DOMINGO 04369
...

Sheet Servicios_Promotores
A1: vienede | B1: folio | C1: estrategia | D1: Usuario | E1: Gerente | F1: promotor | G1: tel_pago | H1: os_cargo | I1: pisa_osfposteo | J1: pisa_baja_fecha | K1: division | L1: area | M1: comision_base | N1: pago_comision | O1: pago_distrito | P1: pago_max_10_dias | Q1: pago_directo_promotor | R1: pago_total | S1: pago_paquete | T1: observaciones | U1: rezago | V1: volumen | W1: avance_quincena | X1: rango_volumen | Y1: semana | Z1: archivo_origen
A2: SIAC 2P | B2: 151375639 | C2: 10001013 | D2: TCSRLOJE | E2: EDGAR DAVID LOVERA JUAREZ | F2: 350677 | G2: 5524665760 | H2: 22623094 | I2: 0000-00-00 | K2: METRO-SUR | L2: SOTELO | M2: 50 | N2: 0 | O2: 50 | P2: 0 | Q2: 0 | R2: 50 | S2: INFINITUM SOLO INTERNET 349 | T2: PAGO CLIENTE | U2: 10001013 | Y2: 14-2026 | Z2: Servicios-promotores14-2026.csv
A3: SIAC 2P | B3: 151428449 | C3: 10000064 | D3: TCSRLOJE | E3: EDGAR DAVID LOVERA JUAREZ | F3: 348485 | G3: 5552760252 | H3: 23872387 | I3: 0000-00-00 | K3: METRO-SUR | L3: MIXCOAC | M3: 250 | N3: 250 | O3: 0 | P3: 0 | Q3: 0 | R3: 250 | S3: PAQUETE 389 | T3: POSTEO | U3: 10000064 | Y3: 14-2026 | Z3: Servicios-promotores14-2026.csv
A4: SIAC 2P | B4: 151419967 | C4: 10000064 | D4: TCSRLOJE | E4: EDGAR DAVID LOVERA JUAREZ | F4: 348485 | G4: 5558416979 | H4: 23788939 | I4: 0000-00-00 | K4: METRO-SUR | L4: ERMITA-TLAHUAC | M4: 250 | N4: 250 | O4: 0 | P4: 0 | Q4: 0 | R4: 250 | S4: INFINITUM SOLO INTERNET 349 | T4: POSTEO | U4: 10000064 | Y4: 14-2026 | Z4: Servicios-promotores14-2026.csv
A5: SIAC 2P | B5: 151419851 | C5: 10000064 | D5: TCSRLOJE | E5: EDGAR DAVID LOVERA JUAREZ | F5: 348485 | G5: 5558415444 | H5: 23788517 | I5: 0000-00-00 | K5: METRO-SUR | L5: ERMITA-TLAHUAC | M5: 250 | N5: 250 | O5: 0 | P5: 0 | Q5: 0 | R5: 250 | S5: INFINITUM SOLO INTERNET 349 | T5: POSTEO | U5: 10000064 | Y5: 14-2026 | Z5: Servicios-promotores14-2026.csv
A6: SIAC 2P | B6: 151417029 | C6: 10001013 | D6: TCSRLOJE | E6: EDGAR DAVID LOVERA JUAREZ | F6: 345495 | G6: 5558107022 | H6: 23802224 | I6: 0000-00-00 | K6: METRO-SUR | L6: METROPOLITANA | M6: 250 | N6: 250 | O6: 0 | P6: 0 | Q6: 0 | R6: 250 | S6: PAQUETE 389 | T6: POSTEO | U6: 10001013 | Y6: 14-2026 | Z6: Servicios-promotores14-2026.csv
A7: SIAC 2P | B7: 151413164 | C7: 10000064 | D7: TCSRLOJE | E7: EDGAR DAVID LOVERA JUAREZ | F7: 352529 | G7: 5595608513 | H7: 23437284 | I7: 0000-00-00 | K7: METRO-SUR | L7: METROPOLITANA | M7: 250 | N7: 250 | O7: 0 | P7: 0 | Q7: 0 | R7: 250 | S7: PAQUETE INFINITUM NEGOCIO 649 | T7: POSTEO | U7: 10000064 | Y7: 14-2026 | Z7: Servicios-promotores14-2026.csv
A8: SIAC 2P | B8: 151388573 | C8: 10001013 | D8: TCSRLOJE | E8: EDGAR DAVID LOVERA JUAREZ | F8: 351030 | G8: 5521569682 | H8: 22923355 | I8: 0000-00-00 | K8: METRO-SUR | L8: METROPOLITANA | M8: 50 | N8: 0 | O8: 50 | P8: 0 | Q8: 0 | R8: 50 | S8: PAQUETE 389 | T8: PAGO CLIENTE | U8: 10001013 | Y8: 14-2026 | Z8: Servicios-promotores14-2026.csv
A9: SIAC 2P | B9: 151384434 | C9: 10000064 | D9: TCSRLOJE | E9: EDGAR DAVID LOVERA JUAREZ | F9: 346072 | G9: 5551626672 | H9: 22759030 | I9: 0000-00-00 | K9: METRO-SUR | L9: UNIVERSIDAD | M9: 50 | N9: 0 | O9: 50 | P9: 0 | Q9: 0 | R9: 50 | S9: INFINITUM SOLO INTERNET 449 | T9: PAGO CLIENTE | U9: 10000064 | Y9: 14-2026 | Z9: Servicios-promotores14-2026.csv
A10: SIAC 2P | B10: 151381589 | C10: 10001013 | D10: TCSRLOJE | E10: EDGAR DAVID LOVERA JUAREZ | F10: 351030 | G10: 5522085628 | H10: 22726751 | I10: 0000-00-00 | K10: METRO-SUR | L10: UNIVERSIDAD | M10: 50 | N10: 0 | O10: 50 | P10: 0 | Q10: 0 | R10: 50 | S10: PAQUETE 389 | T10: PAGO CLIENTE | U10: 10001013 | Y10: 14-2026 | Z10: Servicios-promotores14-2026.csv
A11: SIAC 2P | B11: 151243535 | C11: 10000064 | D11: TCSRLOJE | E11: EDGAR DAVID LOVERA JUAREZ | F11: 329069 | G11: 5559198037 | H11: 20964375 | I11: 0000-00-00 | K11: METRO-SUR | L11: UNIVERSIDAD | M11: 50 | N11: 0 | O11: 50 | P11: 0 | Q11: 0 | R11: 50 | S11: PAQUETE 389 | T11: PAGO CLIENTE | U11: 10000064 | Y11: 14-2026 | Z11: Servicios-promotores14-2026.csv
A12: SIAC 2P | B12: 151375541 | C12: 10001013 | D12: TCSRLOJE | E12: EDGAR DAVID LOVERA JUAREZ | F12: 350677 | G12: 5593396508 | H12: 22624366 | I12: 0000-00-00 | K12: METRO-SUR | L12: METROPOLITANA | M12: 50 | N12: 0 | O12: 50 | P12: 0 | Q12: 0 | R12: 50 | S12: PAQUETE 389 | T12: PAGO CLIENTE | U12: 10001013 | Y12: 14-2026 | Z12: Servicios-promotores14-2026.csv
A13: SIAC 2P | B13: 151368590 | C13: 10000064 | D13: TCSRLOJE | E13: EDGAR DAVID LOVERA JUAREZ | F13: 346072 | G13: 5591806859 | H13: 22640228 | I13: 0000-00-00 | K13: METRO-SUR | L13: METROPOLITANA | M13: 50 | N13: 0 | O13: 50 | P13: 0 | Q13: 0 | R13: 50 | S13: PAQUETE 435 | T13: PAGO CLIENTE | U13: 10000064 | Y13: 14-2026 | Z13: Servicios-promotores14-2026.csv
... A96: SIAC 2P | B96: 151445934 | C96: 10000064 | D96: TCSRLOJE | E96: EDGAR DAVID LOVERA JUAREZ | F96: 346072 | G96: 5575731937 | H96: 24096896 | I96: 0000-00-00 | K96: METRO-SUR | L96: METROPOLITANA | M96: 250 | N96: 250 | O96: 0 | P96: 0 | Q96: 0 | R96: 250 | S96: PAQUETE 389 | T96: POSTEO | U96: 10000064 | Y96: 16-2026 | Z96: Servicios-promotores16-2026(1).csv
A97: SIAC 2P | B97: 151451990 | C97: 10001013 | D97: TCSRLOJE | E97: EDGAR DAVID LOVERA JUAREZ | F97: 348467 | G97: 5594643293 | H97: 24193581 | I97: 2026-04-15 | K97: METRO-SUR | L97: METROPOLITANA | M97: 250 | N97: 250 | O97: 0 | P97: 0 | Q97: 0 | R97: 250 | S97: PAQUETE 389 | T97: POSTEO | Y97: 17-2026 | Z97: Servicios-promotores17-2026(1).csv
A98: SIAC 2P | B98: 151351958 | C98: 10000064 | D98: TCSRLOJE | E98: EDGAR DAVID LOVERA JUAREZ | F98: 349815 | G98: 5589086222 | H98: 22381211 | I98: 2026-02-16 | K98: METRO-SUR | L98: TEXCOCO-ZARAGOZA | M98: 75 | N98: 0 | O98: 75 | P98: 0 | Q98: 0 | R98: 75 | S98: PAQUETE 389 | T98: PAGO CLIENTE MES 1 | Y98: 17-2026 | Z98: Servicios-promotores17-2026(1).csv
A99: SIAC 2P | B99: 151368821 | C99: 10000064 | D99: TCSRLOJE | E99: EDGAR DAVID LOVERA JUAREZ | F99: 346126 | G99: 5515182302 | H99: 22546164 | I99: 2026-02-25 | K99: METRO-SUR | L99: VALLE-SAN JUAN | M99: 50 | N99: 0 | O99: 50 | P99: 0 | Q99: 0 | R99: 50 | S99: INFINITUM NEGOCIO SOLO INTERNET 499 | T99: DOMICILIACION MES 1 | Y99: 17-2026 | Z99: Servicios-promotores17-2026(1).csv
A100: SIAC 2P | B100: 151375639 | C100: 10001013 | D100: TCSRLOJE | E100: EDGAR DAVID LOVERA JUAREZ | F100: 350677 | G100: 5524665760 | H100: 22623094 | I100: 2026-02-27 | K100: METRO-SUR | L100: SOTELO | M100: 50 | N100: 0 | O100: 50 | P100: 0 | Q100: 0 | R100: 50 | S100: INFINITUM SOLO INTERNET 349 | T100: DOMICILIACION MES 1 | Y100: 17-2026 | Z100: Servicios-promotores17-2026(1).csv
A101: SIAC 2P | B101: 151390991 | C101: 10000064 | D101: TCSRLOJE | E101: EDGAR DAVID LOVERA JUAREZ | F101: 350703 | G101: 5524603793 | H101: 22928596 | I101: 2026-03-12 | K101: METRO-SUR | L101: METROPOLITANA | M101: 75 | N101: 0 | O101: 75 | P101: 0 | Q101: 0 | R101: 75 | S101: PAQUETE 389 | T101: PAGO CLIENTE MES 1 | Y101: 17-2026 | Z101: Servicios-promotores17-2026(1).csv
A102: SIAC 2P | B102: 151399114 | C102: 10000064 | D102: TCSRLOJE | E102: EDGAR DAVID LOVERA JUAREZ | F102: 351037 | G102: 5511137309 | H102: 22954058 | I102: 2026-04-14 | K102: METRO-SUR | L102: UNIVERSIDAD | M102: 250 | N102: 250 | O102: 0 | P102: 0 | Q102: 0 | R102: 250 | S102: INFINITUM SOLO INTERNET 349 | T102: POSTEO | Y102: 17-2026 | Z102: Servicios-promotores17-2026(1).csv
A103: SIAC 2P | B103: 151409781 | C103: 10000064 | D103: TCSRLOJE | E103: EDGAR DAVID LOVERA JUAREZ | F103: 348485 | G103: 5591808238 | H103: 23336253 | I103: 2026-03-20 | K103: METRO-SUR | L103: UNIVERSIDAD | M103: 75 | N103: 0 | O103: 75 | P103: 0 | Q103: 0 | R103: 75 | S103: INFINITUM SOLO INTERNET 349 | T103: PAGO CLIENTE MES 1 | Y103: 17-2026 | Z103: Servicios-promotores17-2026(1).csv
A104: SIAC 2P | B104: 151410686 | C104: 10000064 | D104: TCSRLOJE | E104: EDGAR DAVID LOVERA JUAREZ | F104: 346072 | G104: 5552456331 | H104: 23382543 | I104: 2026-03-20 | K104: METRO-SUR | L104: BALBUENA | M104: 50 | N104: 0 | O104: 50 | P104: 0 | Q104: 0 | R104: 50 | S104: INFINITUM SOLO INTERNET 349 | T104: DOMICILIACION MES 1 | Y104: 17-2026 | Z104: Servicios-promotores17-2026(1).csv
A105: SIAC 2P | B105: 151419967 | C105: 10000064 | D105: TCSRLOJE | E105: EDGAR DAVID LOVERA JUAREZ | F105: 348485 | G105: 5558416979 | H105: 23788939 | I105: 2026-03-24 | K105: METRO-SUR | L105: ERMITA-TLAHUAC | M105: 75 | N105: 0 | O105: 75 | P105: 0 | Q105: 0 | R105: 75 | S105: INFINITUM SOLO INTERNET 349 | T105: PAGO CLIENTE MES 1 | Y105: 17-2026 | Z105: Servicios-promotores17-2026(1).csv
A106: SIAC 2P | B106: 151462960 | C106: 10001013 | D106: TCSRLOJE | E106: EDGAR DAVID LOVERA JUAREZ | F106: 353923 | G106: 5596432717 | H106: 24343153 | I106: 2026-04-18 | K106: METRO-SUR | L106: ECATEPEC | M106: 250 | N106: 250 | O106: 0 | P106: 0 | Q106: 0 | R106: 250 | S106: PAQUETE 389 | T106: POSTEO | Y106: 17-2026 | Z106: Servicios-promotores17-2026(1).csv
A107: SIAC 2P | B107: 151456274 | C107: 10000064 | D107: TCSRLOJE | E107: EDGAR DAVID LOVERA JUAREZ | F107: 346072 | G107: 5524665347 | H107: 24472122 | I107: 2026-04-20 | K107: METRO-SUR | L107: METROPOLITANA | M107: 250 | N107: 250 | O107: 0 | P107: 0 | Q107: 0 | R107: 250 | S107: PAQUETE 389 | T107: POSTEO | Y107: 17-2026 | Z107: Servicios-promotores17-2026(1).csv
A108: SIAC 2P | B108: 151456294 | C108: 10001013 | D108: TCSRLOJE | E108: EDGAR DAVID LOVERA JUAREZ | F108: 353923 | G108: 5581647899 | H108: 24229396 | I108: 2026-04-15 | K108: METRO-SUR | L108: LOMAS | M108: 250 | N108: 250 | O108: 0 | P108: 0 | Q108: 0 | R108: 250 | S108: PAQUETE 389 | T108: POSTEO | Y108: 17-2026 | Z108: Servicios-promotores17-2026(1).csv
... A114: SIAC 2P | B114: 151462935 | C114: 10001013 | D114: TCSRLOJE | E114: EDGAR DAVID LOVERA JUAREZ | F114: 353923 | G114: 5556955318 | H114: 24337685 | I114: 2026-04-17 | K114: METRO-SUR | L114: ERMITA-TLAHUAC | M114: 250 | N114: 250 | O114: 0 | P114: 0 | Q114: 0 | R114: 250 | S114: PAQUETE INFINITUM NEGOCIO 549 | T114: POSTEO | Y114: 17-2026 | Z114: Servicios-promotores17-2026(1).csv
A115: SIAC 2P | B115: 151440807 | C115: 10000064 | D115: TCSRLOJE | E115: EDGAR DAVID LOVERA JUAREZ | F115: 348485 | G115: 5521571022 | H115: 24030778 | I115: 2026-04-06 | K115: METRO-SUR | L115: UNIVERSIDAD | M115: 75 | N115: 0 | O115: 75 | P115: 0 | Q115: 0 | R115: 75 | S115: INFINITUM SOLO INTERNET 349 | T115: PAGO CLIENTE MES 1 | U115: 10000064 | Y115: 18-2026 | Z115: Servicios-promotores18-2026(1).csv
A116: SIAC 2P | B116: 5726560 | C116: 10000064 | D116: TCSRLOJE | E116: EDGAR DAVID LOVERA JUAREZ | F116: 346072 | G116: 6646463041 | H116: 31414235 | I116: 2026-04-27 | K116: NOROESTE | L116: TIJUANA | M116: 250 | N116: 250 | O116: 0 | P116: 0 | Q116: 0 | R116: 250 | S116: PAQUETE 389 | T116: POSTEO | U116: 10001013 | Y116: 18-2026 | Z116: Servicios-promotores18-2026(1).csv
A117: SIAC 2P | B117: 151340019 | C117: 10001013 | D117: TCSRLOJE | E117: EDGAR DAVID LOVERA JUAREZ | F117: 348467 | G117: 5543177159 | H117: 22241475 | I117: 2026-02-09 | K117: METRO-SUR | L117: UNIVERSIDAD | M117: 75 | N117: 0 | O117: 75 | P117: 0 | Q117: 0 | R117: 75 | S117: PAQUETE 389 | T117: PAGO CLIENTE MES 1 | U117: 10000064 | Y117: 18-2026 | Z117: Servicios-promotores18-2026(1).csv
A118: SIAC 2P | B118: 151344986 | C118: 10000064 | D118: TCSRLOJE | E118: EDGAR DAVID LOVERA JUAREZ | F118: 346126 | G118: 5591347168 | H118: 22297238 | I118: 2026-02-23 | K118: METRO-SUR | L118: ERMITA-TLAHUAC | M118: 75 | N118: 0 | O118: 75 | P118: 0 | Q118: 0 | R118: 75 | S118: PAQUETE 389 | T118: PAGO CLIENTE MES 1 | U118: 10001013 | Y118: 18-2026 | Z118: Servicios-promotores18-2026(1).csv
A119: SIAC 2P | B119: 151396936 | C119: 10000064 | D119: TCSRLOJE | E119: EDGAR DAVID LOVERA JUAREZ | F119: 350703 | G119: 5521559507 | H119: 22929376 | I119: 2026-03-12 | K119: METRO-SUR | L119: UNIVERSIDAD | M119: 75 | N119: 0 | O119: 75 | P119: 0 | Q119: 0 | R119: 75 | S119: PAQUETE INFINITUM NEGOCIO 399 | T119: PAGO CLIENTE MES 1 | U119: 10000064 | Y119: 18-2026 | Z119: Servicios-promotores18-2026(1).csv
A120: SIAC 2P | B120: 151409762 | C120: 10001013 | D120: TCSRLOJE | E120: EDGAR DAVID LOVERA JUAREZ | F120: 351030 | G120: 5552445074 | H120: 23378822 | I120: 2026-03-20 | K120: METRO-SUR | L120: BALBUENA | M120: 75 | N120: 0 | O120: 75 | P120: 0 | Q120: 0 | R120: 75 | S120: PAQUETE 389 | T120: PAGO CLIENTE MES 1 | U120: 10000064 | Y120: 18-2026 | Z120: Servicios-promotores18-2026(1).csv
A121: SIAC 2P | B121: 151413164 | C121: 10000064 | D121: TCSRLOJE | E121: EDGAR DAVID LOVERA JUAREZ | F121: 352529 | G121: 5595608513 | H121: 23437284 | I121: 2026-03-26 | K121: METRO-SUR | L121: METROPOLITANA | M121: 75 | N121: 0 | O121: 75 | P121: 0 | Q121: 0 | R121: 75 | S121: PAQUETE INFINITUM NEGOCIO 649 | T121: PAGO CLIENTE MES 1 | U121: 10001013 | Y121: 18-2026 | Z121: Servicios-promotores18-2026(1).csv
A122: SIAC 2P | B122: 151428315 | C122: 10001013 | D122: TCSRLOJE | E122: EDGAR DAVID LOVERA JUAREZ | F122: 345495 | G122: 5575829858 | H122: 23871005 | I122: 2026-03-30 | K122: METRO-SUR | L122: METROPOLITANA | M122: 75 | N122: 0 | O122: 75 | P122: 0 | Q122: 0 | R122: 75 | S122: PAQUETE 389 | T122: PAGO CLIENTE MES 1 | U122: 10000064 | Y122: 18-2026 | Z122: Servicios-promotores18-2026(1).csv
A123: SIAC 2P | B123: 151432596 | C123: 10000064 | D123: TCSRLOJE | E123: EDGAR DAVID LOVERA JUAREZ | F123: 346072 | G123: 5529243850 | H123: 23953054 | I123: 2026-04-01 | K123: METRO-SUR | L123: ERMITA-TLAHUAC | M123: 75 | N123: 0 | O123: 75 | P123: 0 | Q123: 0 | R123: 75 | S123: PAQUETE 389 | T123: PAGO CLIENTE MES 1 | U123: 10000064 | Y123: 18-2026 | Z123: Servicios-promotores18-2026(1).csv
A124: SIAC 2P | B124: 151437536 | C124: 10000064 | D124: TCSRLOJE | E124: EDGAR DAVID LOVERA JUAREZ | F124: 348485 | G124: 5516734333 | H124: 23999326 | I124: 2026-04-03 | K124: METRO-SUR | L124: MIXCOAC | M124: 75 | N124: 0 | O124: 75 | P124: 0 | Q124: 0 | R124: 75 | S124: PAQUETE 435 | T124: PAGO CLIENTE MES 1 | U124: 10000064 | Y124: 18-2026 | Z124: Servicios-promotores18-2026(1).csv
A125: SIAC 2P | B125: 151438772 | C125: 10001013 | D125: TCSRLOJE | E125: EDGAR DAVID LOVERA JUAREZ | F125: 348467 | G125: 5511049544 | H125: 24059074 | I125: 2026-04-06 | K125: METRO-SUR | L125: METROPOLITANA | M125: 75 | N125: 0 | O125: 75 | P125: 0 | Q125: 0 | R125: 75 | S125: PAQUETE 389 | T125: PAGO CLIENTE MES 1 | U125: 10000064 | Y125: 18-2026 | Z125: Servicios-promotores18-2026(1).csv
A126: SIAC 2P | B126: 151467648 | C126: 10001013 | D126: TCSRLOJE | E126: EDGAR DAVID LOVERA JUAREZ | F126: 353923 | G126: 5552737294 | H126: 24493680 | I126: 2026-04-21 | K126: METRO-SUR | L126: METROPOLITANA | M126: 250 | N126: 250 | O126: 0 | P126: 0 | Q126: 0 | R126: 250 | S126: PAQUETE 389 | T126: POSTEO | U126: 10001470 | Y126: 18-2026 | Z126: Servicios-promotores18-2026(1).csv
... A136: SIAC 2P | B136: 151472537 | C136: 10000064 | D136: TCSRLOJE | E136: EDGAR DAVID LOVERA JUAREZ | F136: 346072 | G136: 5523457529 | H136: 24648061 | I136: 0000-00-00 | K136: METRO-SUR | L136: METROPOLITANA | M136: 250 | N136: 250 | O136: 0 | P136: 0 | Q136: 0 | R136: 250 | S136: PAQUETE 389 | T136: POSTEO | U136: 10000064 | Y136: 19-2026 | Z136: Servicios-promotores19-2026(1).csv
A137: SIAC 2P | B137: 151489087 | C137: 10001013 | D137: TCSRLOJE | E137: EDGAR DAVID LOVERA JUAREZ | F137: 353923 | G137: 5522343856 | H137: 24779399 | I137: 0000-00-00 | M137: 250 | N137: 250 | O137: 0 | P137: 0 | Q137: 0 | R137: 250 | S137: INFINITUM NEGOCIO SOLO INTERNET 349 | T137: POSTEO | U137: 10001013 | Y137: 19-2026 | Z137: Servicios-promotores19-2026(1).csv
A138: SIAC 2P | B138: 151336320 | C138: 10000064 | D138: TCSRLOJE | E138: EDGAR DAVID LOVERA JUAREZ | F138: 346126 | G138: 5555739100 | H138: 22191236 | I138: 2026-03-05 | K138: METRO-SUR | L138: UNIVERSIDAD | M138: 50 | N138: 0 | O138: 50 | P138: 0 | Q138: 0 | R138: 50 | S138: PAQUETE 435 | T138: DOMICILIACION MES 1 | U138: 10000064 | Y138: 19-2026 | Z138: Servicios-promotores19-2026(1).csv
A139: SIAC 2P | B139: 151355829 | C139: 10001013 | D139: TCSRLOJE | E139: EDGAR DAVID LOVERA JUAREZ | F139: 348467 | G139: 5556458483 | H139: 22417743 | I139: 0000-00-00 | K139: METRO-SUR | L139: UNIVERSIDAD | M139: 250 | N139: 250 | O139: 0 | P139: 0 | Q139: 0 | R139: 250 | S139: PAQUETE 389 | T139: POSTEO | U139: 10001013 | Y139: 19-2026 | Z139: Servicios-promotores19-2026(1).csv
A140: SIAC 2P | B140: 151358405 | C140: 10001013 | D140: TCSRLOJE | E140: EDGAR DAVID LOVERA JUAREZ | F140: 345495 | G140: 5558621152 | H140: 22437453 | I140: 2026-05-03 | K140: METRO-SUR | L140: ERMITA-TLAHUAC | M140: 75 | N140: 0 | O140: 75 | P140: 0 | Q140: 0 | R140: 75 | S140: PAQUETE 389 | T140: PAGO CLIENTE MES 1 | U140: 10001013 | Y140: 19-2026 | Z140: Servicios-promotores19-2026(1).csv
A141: SIAC 2P | B141: 151364624 | C141: 10000064 | D141: TCSRLOJE | E141: EDGAR DAVID LOVERA JUAREZ | F141: 346126 | G141: 5554896077 | H141: 22615535 | I141: 2026-04-23 | K141: METRO-SUR | L141: METROPOLITANA | M141: 75 | N141: 0 | O141: 75 | P141: 0 | Q141: 0 | R141: 75 | S141: PAQUETE 389 | T141: PAGO CLIENTE MES 1 | U141: 10000064 | Y141: 19-2026 | Z141: Servicios-promotores19-2026(1).csv
A142: SIAC 2P | B142: 151386479 | C142: 10000064 | D142: TCSRLOJE | E142: EDGAR DAVID LOVERA JUAREZ | F142: 351040 | G142: 5550871111 | H142: 22783513 | I142: 2026-04-01 | K142: METRO-SUR | L142: ERMITA-TLAHUAC | M142: 50 | N142: 0 | O142: 50 | P142: 0 | Q142: 0 | R142: 50 | S142: INFINITUM SOLO INTERNET 349 | T142: DOMICILIACION MES 1 | U142: 10000064 | Y142: 19-2026 | Z142: Servicios-promotores19-2026(1).csv
A143: SIAC 2P | B143: 151437027 | C143: 10000064 | D143: TCSRLOJE | E143: EDGAR DAVID LOVERA JUAREZ | F143: 346072 | G143: 5556752022 | H143: 24027548 | I143: 2026-04-27 | K143: METRO-SUR | L143: UNIVERSIDAD | M143: 75 | N143: 0 | O143: 75 | P143: 0 | Q143: 0 | R143: 75 | S143: PAQUETE 599 | T143: PAGO CLIENTE MES 1 | U143: 10000064 | Y143: 19-2026 | Z143: Servicios-promotores19-2026(1).csv
A144: SIAC 2P | B144: 151440349 | C144: 10001013 | D144: TCSRLOJE | E144: EDGAR DAVID LOVERA JUAREZ | F144: 348467 | G144: 5576022147 | H144: 24022634 | I144: 2026-04-28 | K144: METRO-SUR | L144: METROPOLITANA | M144: 75 | N144: 0 | O144: 75 | P144: 0 | Q144: 0 | R144: 75 | S144: PAQUETE 389 | T144: PAGO CLIENTE MES 1 | U144: 10001013 | Y144: 19-2026 | Z144: Servicios-promotores19-2026(1).csv
A145: SIAC 2P | B145: 151451995 | C145: 10000064 | D145: TCSRLOJE | E145: EDGAR DAVID LOVERA JUAREZ | F145: 348485 | G145: 5555293997 | H145: 24171749 | I145: 0000-00-00 | K145: METRO-SUR | L145: LINDAVISTA | M145: 250 | N145: 250 | O145: 0 | P145: 0 | Q145: 0 | R145: 250 | S145: INFINITUM SOLO INTERNET 349 | T145: POSTEO | U145: 10000064 | Y145: 19-2026 | Z145: Servicios-promotores19-2026(1).csv
A146: SIAC 2P | B146: 151483962 | C146: 10001013 | D146: TCSRLOJE | E146: EDGAR DAVID LOVERA JUAREZ | F146: 353923 | G146: 5558012705 | H146: 24689243 | I146: 0000-00-00 | K146: METRO-SUR | L146: BALBUENA | M146: 250 | N146: 250 | O146: 0 | P146: 0 | Q146: 0 | R146: 250 | S146: INFINITUM NEGOCIO SOLO INTERNET 349 | T146: POSTEO | U146: 10001013 | Y146: 19-2026 | Z146: Servicios-promotores19-2026(1).csv
A147: SIAC 2P | B147: 151473856 | C147: 10000064 | D147: TCSRLOJE | E147: EDGAR DAVID LOVERA JUAREZ | F147: 346072 | G147: 5592882662 | H147: 24548366 | I147: 0000-00-00 | K147: METRO-SUR | L147: METROPOLITANA | M147: 250 | N147: 250 | O147: 0 | P147: 0 | Q147: 0 | R147: 250 | S147: PAQUETE 389 | T147: POSTEO | U147: 10000064 | Y147: 19-2026 | Z147: Servicios-promotores19-2026(1).csv
A148: SIAC 2P | B148: 151477226 | C148: 10001013 | D148: TCSRLOJE | E148: EDGAR DAVID LOVERA JUAREZ | F148: 348467 | G148: 5516759304 | H148: 24675410 | I148: 0000-00-00 | K148: METRO-SUR | L148: ECATEPEC | M148: 250 | N148: 250 | O148: 0 | P148: 0 | Q148: 0 | R148: 250 | S148: PAQUETE 389 | T148: POSTEO | U148: 10001013 | Y148: 19-2026 | Z148: Servicios-promotores19-2026(1).csv
A149: SIAC 2P | B149: 151477245 | C149: 10000064 | D149: TCSRLOJE | E149: EDGAR DAVID LOVERA JUAREZ | F149: 346072 | G149: 5555556377 | H149: 24648164 | I149: 0000-00-00 | K149: METRO-SUR | L149: METROPOLITANA | M149: 250 | N149: 250 | O149: 0 | P149: 0 | Q149: 0 | R149: 250 | S149: PAQUETE 389 | T149: POSTEO | U149: 10000064 | Y149: 19-2026 | Z149: Servicios-promotores19-2026(1).csv
... A162: SIAC 2P | B162: 151487136 | C162: 10001013 | D162: TCSRLOJE | E162: EDGAR DAVID LOVERA JUAREZ | F162: 353923 | G162: 5594606249 | H162: 25023303 | I162: 0000-00-00 | K162: METRO-SUR | L162: METROPOLITANA | M162: 263 | N162: 263 | O162: 0 | P162: 0 | Q162: 0 | R162: 263 | S162: PAQUETE 599 | T162: POSTEO | U162: 10001013 | Y162: 20-2026 | Z162: Servicios-promotores20-2026(1).csv
A163: SIAC 2P | B163: 151488756 | C163: 10000064 | D163: TCSRLOJE | E163: EDGAR DAVID LOVERA JUAREZ | F163: 346072 | G163: 5592144774 | H163: 24776504 | I163: 0000-00-00 | M163: 263 | N163: 263 | O163: 0 | P163: 0 | Q163: 0 | R163: 263 | S163: PAQUETE 389 | T163: POSTEO | U163: 10000064 | Y163: 20-2026 | Z163: Servicios-promotores20-2026(1).csv
A164: SIAC 2P | B164: 151490113 | C164: 10000064 | D164: TCSRLOJE | E164: EDGAR DAVID LOVERA JUAREZ | F164: 346072 | G164: 5552661949 | H164: 24845879 | I164: 0000-00-00 | K164: METRO-SUR | L164: UNIVERSIDAD | M164: 263 | N164: 263 | O164: 0 | P164: 0 | Q164: 0 | R164: 263 | S164: PAQUETE 389 | T164: POSTEO | U164: 10000064 | Y164: 20-2026 | Z164: Servicios-promotores20-2026(1).csv
A165: SIAC 2P | B165: 151492357 | C165: 10000064 | D165: TCSRLOJE | E165: EDGAR DAVID LOVERA JUAREZ | F165: 348485 | G165: 5555556438 | H165: 24828526 | I165: 2026-05-09 | K165: METRO-SUR | L165: UNIVERSIDAD | M165: 263 | N165: 263 | O165: 0 | P165: 0 | Q165: 0 | R165: 263 | S165: PAQUETE 389 | T165: POSTEO | U165: 10000064 | Y165: 20-2026 | Z165: Servicios-promotores20-2026(1).csv
A166: SIAC 2P | B166: 151500396 | C166: 10000064 | D166: TCSRLOJE | E166: EDGAR DAVID LOVERA JUAREZ | F166: 352529 | G166: 5559495820 | H166: 25029561 | I166: 0000-00-00 | M166: 263 | N166: 263 | O166: 0 | P166: 0 | Q166: 0 | R166: 263 | S166: INFINITUM NEGOCIO SOLO INTERNET 349 | T166: POSTEO | U166: 10000064 | Y166: 20-2026 | Z166: Servicios-promotores20-2026(1).csv
A167: SIAC 2P | B167: 151492481 | C167: 10000064 | D167: TCSRLOJE | E167: EDGAR DAVID LOVERA JUAREZ | F167: 348485 | G167: 5555552285 | H167: 24828093 | I167: 2026-05-09 | K167: METRO-SUR | L167: UNIVERSIDAD | M167: 263 | N167: 263 | O167: 0 | P167: 0 | Q167: 0 | R167: 263 | S167: PAQUETE 389 | T167: POSTEO | U167: 10000064 | Y167: 20-2026 | Z167: Servicios-promotores20-2026(1).csv
A168: SIAC 2P | B168: 151492967 | C168: 10000064 | D168: TCSRLOJE | E168: EDGAR DAVID LOVERA JUAREZ | F168: 348485 | G168: 5555556825 | H168: 24829026 | I168: 0000-00-00 | M168: 263 | N168: 263 | O168: 0 | P168: 0 | Q168: 0 | R168: 263 | S168: PAQUETE 389 | T168: POSTEO | U168: 10000064 | Y168: 20-2026 | Z168: Servicios-promotores20-2026(1).csv
A169: SIAC 2P | B169: 151494092 | C169: 10001013 | D169: TCSRLOJE | E169: EDGAR DAVID LOVERA JUAREZ | F169: 353923 | G169: 5552446486 | H169: 24851700 | I169: 2026-05-09 | K169: METRO-SUR | L169: BALBUENA | M169: 318 | N169: 263 | O169: 55 | P169: 0 | Q169: 0 | R169: 318 | S169: PAQUETE 389 | T169: POSTEO PAGO CLIENTE MES 1 | U169: 10001013 | Y169: 20-2026 | Z169: Servicios-promotores20-2026(1).csv
A170: SIAC 2P | B170: 151494294 | C170: 10000064 | D170: TCSRLOJE | E170: EDGAR DAVID LOVERA JUAREZ | F170: 348485 | G170: 5522085767 | H170: 24850674 | I170: 2026-05-09 | K170: METRO-SUR | L170: UNIVERSIDAD | M170: 263 | N170: 263 | O170: 0 | P170: 0 | Q170: 0 | R170: 263 | S170: PAQUETE 389 | T170: POSTEO | U170: 10000064 | Y170: 20-2026 | Z170: Servicios-promotores20-2026(1).csv
A171: SIAC 2P | B171: 151494524 | C171: 10001013 | D171: TCSRLOJE | E171: EDGAR DAVID LOVERA JUAREZ | F171: 353923 | G171: 5572587959 | H171: 24851283 | I171: 2026-05-09 | K171: METRO-SUR | L171: BALBUENA | M171: 263 | N171: 263 | O171: 0 | P171: 0 | Q171: 0 | R171: 263 | S171: PAQUETE 435 | T171: POSTEO | U171: 10001013 | Y171: 20-2026 | Z171: Servicios-promotores20-2026(1).csv
A172: SIAC 2P | B172: 151496325 | C172: 10000064 | D172: TCSRLOJE | E172: EDGAR DAVID LOVERA JUAREZ | F172: 352529 | G172: 5528395750 | H172: 24890289 | I172: 0000-00-00 | K172: METRO-SUR | L172: ERMITA-TLAHUAC | M172: 263 | N172: 263 | O172: 0 | P172: 0 | Q172: 0 | R172: 263 | S172: INFINITUM NEGOCIO SOLO INTERNET 349 | T172: POSTEO | U172: 10000064 | Y172: 20-2026 | Z172: Servicios-promotores20-2026(1).csv
A173: SIAC 2P | B173: 151496895 | C173: 10001013 | D173: TCSRLOJE | E173: EDGAR DAVID LOVERA JUAREZ | F173: 353923 | G173: 5559197065 | H173: 25038507 | I173: 0000-00-00 | K173: METRO-SUR | L173: BALBUENA | M173: 263 | N173: 263 | O173: 0 | P173: 0 | Q173: 0 | R173: 263 | S173: PAQUETE 389 | T173: POSTEO | U173: 10001013 | Y173: 20-2026 | Z173: Servicios-promotores20-2026(1).csv
A174: SIAC 2P | B174: 151497756 | C174: 10001013 | D174: TCSRLOJE | E174: EDGAR DAVID LOVERA JUAREZ | F174: 353923 | G174: 5557578615 | H174: 25038506 | I174: 0000-00-00 | K174: METRO-SUR | L174: LINDAVISTA | M174: 263 | N174: 263 | O174: 0 | P174: 0 | Q174: 0 | R174: 263 | S174: PAQUETE 389 | T174: POSTEO | U174: 10001013 | Y174: 20-2026 | Z174: Servicios-promotores20-2026(1).csv
A175: SIAC 2P | B175: 151498103 | C175: 10001013 | D175: TCSRLOJE | E175: EDGAR DAVID LOVERA JUAREZ | F175: 353923 | G175: 5528729988 | H175: 24917652 | I175: 0000-00-00 | K175: METRO-SUR | L175: LINDAVISTA | M175: 263 | N175: 263 | O175: 0 | P175: 0 | Q175: 0 | R175: 263 | S175: PAQUETE 389 | T175: POSTEO | U175: 10001013 | Y175: 20-2026 | Z175: Servicios-promotores20-2026(1).csv
A176: SIAC 2P | B176: 151437027 | C176: 10000064 | D176: TCSRLOJE | E176: EDGAR DAVID LOVERA JUAREZ | F176: 346072 | G176: 5556752022 | H176: 24027548 | I176: 0000-00-00 | K176: METRO-SUR | L176: UNIVERSIDAD | M176: 9.665 | N176: 13 | O176: -3.335 | P176: 0 | Q176: 0 | R176: 9.665 | S176: PAQUETE $599 | T176: AJUSTE POSTEO, AJUSTE PAGO CLIENTE MES 1 | U176: 10000064 | Y176: 21-2026 | Z176: Servicios-promotores21-2026.csv
A177: SIAC 2P | B177: 151509675 | C177: 10000064 | D177: TCSRLOJE | E177: EDGAR DAVID LOVERA JUAREZ | F177: 348485 | G177: 5558560341 | H177: 25164802 | I177: 0000-00-00 | K177: METRO-SUR | L177: TEXCOCO-ZARAGOZA | M177: 263 | N177: 263 | O177: 0 | P177: 0 | Q177: 0 | R177: 263 | S177: PAQUETE $389 | T177: POSTEO | U177: 10000064 | Y177: 21-2026 | Z177: Servicios-promotores21-2026.csv
A178: SIAC 2P | B178: 151509706 | C178: 10000064 | D178: TCSRLOJE | E178: EDGAR DAVID LOVERA JUAREZ | F178: 352529 | G178: 5559106743 | H178: 25152520 | I178: 0000-00-00 | K178: METRO-SUR | L178: ECATEPEC | M178: 263 | N178: 263 | O178: 0 | P178: 0 | Q178: 0 | R178: 263 | S178: PAQUETE $389 | T178: POSTEO | U178: 10000064 | Y178: 21-2026 | Z178: Servicios-promotores21-2026.csv
A179: SIAC 2P | B179: 151428281 | C179: 10001013 | D179: TCSRLOJE | E179: EDGAR DAVID LOVERA JUAREZ | F179: 345495 | G179: 5558598699 | H179: 23900873 | I179: 0000-00-00 | K179: METRO-SUR | L179: ERMITA-TLAHUAC | M179: 13 | N179: 13 | O179: 0 | P179: 0 | Q179: 0 | R179: 13 | S179: PAQUETE $389 | T179: AJUSTE POSTEO | U179: 10001013 | Y179: 21-2026 | Z179: Servicios-promotores21-2026.csv
A180: SIAC 2P | B180: 151428315 | C180: 10001013 | D180: TCSRLOJE | E180: EDGAR DAVID LOVERA JUAREZ | F180: 345495 | G180: 5575829858 | H180: 23871005 | I180: 0000-00-00 | K180: METRO-SUR | L180: METROPOLITANA | M180: 9.665 | N180: 13 | O180: -3.335 | P180: 0 | Q180: 0 | R180: 9.665 | S180: PAQUETE $389 | T180: AJUSTE POSTEO, AJUSTE PAGO CLIENTE MES 1 | U180: 10001013 | Y180: 21-2026 | Z180: Servicios-promotores21-2026.csv
... A234: SIAC 2P | B234: 151498147 | C234: 10001013 | D234: TCSRLOJE | E234: EDGAR DAVID LOVERA JUAREZ | F234: 353923 | G234: 5557531464 | H234: 25089804 | I234: 0000-00-00 | K234: METRO-SUR | L234: LINDAVISTA | M234: 263 | N234: 263 | O234: 0 | P234: 0 | Q234: 0 | R234: 263 | S234: PAQUETE $389 | T234: POSTEO | U234: 10001013 | Y234: 21-2026 | Z234: Servicios-promotores21-2026.csv
A235: SIAC 2P | B235: 151499972 | C235: 10000064 | D235: TCSRLOJE | E235: EDGAR DAVID LOVERA JUAREZ | F235: 348485 | G235: 5597579781 | H235: 25028260 | I235: 0000-00-00 | M235: 263 | N235: 263 | O235: 0 | P235: 0 | Q235: 0 | R235: 263 | S235: PAQUETE $389 | T235: POSTEO | U235: 10000064 | Y235: 21-2026 | Z235: Servicios-promotores21-2026.csv
A236: SIAC 2P | B236: 151500819 | C236: 10000064 | D236: TCSRLOJE | E236: EDGAR DAVID LOVERA JUAREZ | F236: 352529 | G236: 5511851982 | H236: 25134907 | I236: 0000-00-00 | K236: METRO-SUR | L236: MIXCOAC | M236: 263 | N236: 263 | O236: 0 | P236: 0 | Q236: 0 | R236: 263 | S236: PAQUETE $389 | T236: POSTEO | U236: 10000064 | Y236: 21-2026 | Z236: Servicios-promotores21-2026.csv
A237: SIAC 2P | B237: 151501478 | C237: 10000064 | D237: TCSRLOJE | E237: EDGAR DAVID LOVERA JUAREZ | F237: 352529 | G237: 5555557325 | H237: 25047514 | I237: 0000-00-00 | K237: METRO-SUR | L237: UNIVERSIDAD | M237: 263 | N237: 263 | O237: 0 | P237: 0 | Q237: 0 | R237: 263 | S237: INFINITUM NEGOCIO SOLO INTERNET $349 | T237: POSTEO | U237: 10000064 | Y237: 21-2026 | Z237: Servicios-promotores21-2026.csv
A238: SIAC 2P | B238: 151501574 | C238: 10000064 | D238: TCSRLOJE | E238: EDGAR DAVID LOVERA JUAREZ | F238: 352529 | G238: 5524605072 | H238: 25135115 | I238: 0000-00-00 | K238: METRO-SUR | L238: UNIVERSIDAD | M238: 263 | N238: 263 | O238: 0 | P238: 0 | Q238: 0 | R238: 263 | S238: PAQUETE $389 | T238: POSTEO | U238: 10000064 | Y238: 21-2026 | Z238: Servicios-promotores21-2026.csv
A239: SIAC 2P | B239: 151501625 | C239: 10000064 | D239: TCSRLOJE | E239: EDGAR DAVID LOVERA JUAREZ | F239: 352529 | G239: 5555557386 | H239: 25047591 | I239: 0000-00-00 | K239: METRO-SUR | L239: UNIVERSIDAD | M239: 263 | N239: 263 | O239: 0 | P239: 0 | Q239: 0 | R239: 263 | S239: INFINITUM SOLO INTERNET $349 | T239: POSTEO | U239: 10000064 | Y239: 21-2026 | Z239: Servicios-promotores21-2026.csv
A240: SIAC 2P | B240: 151503589 | C240: 10000064 | D240: TCSRLOJE | E240: EDGAR DAVID LOVERA JUAREZ | F240: 348485 | G240: 5555557194 | H240: 25179654 | I240: 0000-00-00 | K240: METRO-SUR | L240: UNIVERSIDAD | M240: 263 | N240: 263 | O240: 0 | P240: 0 | Q240: 0 | R240: 263 | S240: PAQUETE $389 | T240: POSTEO | U240: 10000064 | Y240: 21-2026 | Z240: Servicios-promotores21-2026.csv
A241: SIAC 2P | B241: 151505747 | C241: 10001013 | D241: TCSRLOJE | E241: EDGAR DAVID LOVERA JUAREZ | F241: 353923 | G241: 5596368059 | H241: 25094449 | I241: 0000-00-00 | K241: METRO-SUR | L241: LINDAVISTA | M241: 263 | N241: 263 | O241: 0 | P241: 0 | Q241: 0 | R241: 263 | S241: PAQUETE $389 | T241: POSTEO | U241: 10001013 | Y241: 21-2026 | Z241: Servicios-promotores21-2026.csv
A242: SIAC 2P | B242: 151505801 | C242: 10001013 | D242: TCSRLOJE | E242: EDGAR DAVID LOVERA JUAREZ | F242: 353923 | G242: 5559497917 | H242: 25097040 | I242: 0000-00-00 | K242: METRO-SUR | L242: TEXCOCO-ZARAGOZA | M242: 263 | N242: 263 | O242: 0 | P242: 0 | Q242: 0 | R242: 263 | S242: INFINITUM NEGOCIO SOLO INTERNET $349 | T242: POSTEO | U242: 10001013 | Y242: 21-2026 | Z242: Servicios-promotores21-2026.csv
A243: SIAC 2P | B243: 151507513 | C243: 10000064 | D243: TCSRLOJE | E243: EDGAR DAVID LOVERA JUAREZ | F243: 352529 | G243: 5557536983 | H243: 25179715 | I243: 0000-00-00 | K243: METRO-SUR | L243: LINDAVISTA | M243: 263 | N243: 263 | O243: 0 | P243: 0 | Q243: 0 | R243: 263 | S243: PAQUETE $389 | T243: POSTEO | U243: 10000064 | Y243: 21-2026 | Z243: Servicios-promotores21-2026.csv
A244: SIAC 2P | B244: 151458298 | C244: 10000064 | D244: TCSRLOJE | E244: EDGAR DAVID LOVERA JUAREZ | F244: 346072 | G244: 5521579787 | H244: 24254941 | I244: 0000-00-00 | K244: METRO-SUR | L244: UNIVERSIDAD | M244: 13 | N244: 13 | O244: 0 | P244: 0 | Q244: 0 | R244: 13 | S244: INFINITUM NEGOCIO SOLO INTERNET $349 | T244: AJUSTE POSTEO | U244: 10000064 | Y244: 21-2026 | Z244: Servicios-promotores21-2026.csv
A245: SIAC 2P | B245: 151443794 | C245: 10000064 | D245: TCSRLOJE | E245: EDGAR DAVID LOVERA JUAREZ | F245: 348485 | G245: 5558106532 | H245: 24066388 | I245: 0000-00-00 | K245: METRO-SUR | L245: MIXCOAC | M245: 13 | N245: 13 | O245: 0 | P245: 0 | Q245: 0 | R245: 13 | S245: INFINITUM SOLO INTERNET $349 | T245: AJUSTE POSTEO | U245: 10000064 | Y245: 21-2026 | Z245: Servicios-promotores21-2026.csv
A246: SIAC 2P | B246: 151443822 | C246: 10001013 | D246: TCSRLOJE | E246: EDGAR DAVID LOVERA JUAREZ | F246: 348467 | G246: 5526504233 | H246: 24212550 | I246: 0000-00-00 | K246: METRO-SUR | L246: METROPOLITANA | M246: 13 | N246: 13 | O246: 0 | P246: 0 | Q246: 0 | R246: 13 | S246: PAQUETE $389 | T246: AJUSTE POSTEO | U246: 10001013 | Y246: 21-2026 | Z246: Servicios-promotores21-2026.csv
A247: SIAC 2P | B247: 151443918 | C247: 10001013 | D247: TCSRLOJE | E247: EDGAR DAVID LOVERA JUAREZ | F247: 348467 | G247: 5515592087 | H247: 24068820 | I247: 0000-00-00 | K247: METRO-SUR | L247: MIXCOAC | M247: 13 | N247: 13 | O247: 0 | P247: 0 | Q247: 0 | R247: 13 | S247: PAQUETE $435 | T247: AJUSTE POSTEO | U247: 10001013 | Y247: 21-2026 | Z247: Servicios-promotores21-2026.csv
... A265: SIAC 2P | B265: 151462960 | C265: 10001013 | D265: TCSRLOJE | E265: EDGAR DAVID LOVERA JUAREZ | F265: 353923 | G265: 5596432717 | H265: 24343153 | I265: 0000-00-00 | K265: METRO-SUR | L265: ECATEPEC | M265: 13 | N265: 13 | O265: 0 | P265: 0 | Q265: 0 | R265: 13 | S265: PAQUETE $389 | T265: AJUSTE POSTEO | U265: 10001013 | Y265: 21-2026 | Z265: Servicios-promotores21-2026.csv

Sheet Pago_GERE
A1: vienede | B1: folio | C1: estrategia | D1: Usuario | E1: Gerente | F1: promotor | G1: tel_pago | H1: os_cargo | I1: pisa_osfposteo | J1: pisa_baja_fecha | K1: division | L1: area | M1: comision_base | N1: pago_comision | O1: pago_distrito | P1: pago_max_10_dias | Q1: pago_directo_promotor | R1: pago_total | S1: pago_paquete | T1: observaciones | U1: rezago | V1: volumen | W1: avance_quincena | X1: rango_volumen | Y1: fch_pago | Z1: bono1 | AA1: bono2 | AB1: bono_promotor | AC1: archivo_origen
A2: SIAC 2P | B2: 151375639 | C2: 10001013 | D2: TCSRLOJE | E2: EDGAR DAVID LOVERA JUAREZ | F2: 350677 | G2: 5524665760 | H2: 22623094 | I2: 0000-00-00 | K2: METRO-SUR | L2: SOTELO | M2: 0 | N2: 0 | O2: 50 | P2: 0 | Q2: 0 | R2: 50 | S2: INFINITUM SOLO INTERNET $349 | T2: PAGO CLIENTE | U2: 10001013 | Y2: 2026-04-06 | AC2: Servicios-14-2026(1).csv
A3: SIAC 2P | B3: 151428449 | C3: 10000064 | D3: TCSRLOJE | E3: EDGAR DAVID LOVERA JUAREZ | F3: 348485 | G3: 5552760252 | H3: 23872387 | I3: 0000-00-00 | K3: METRO-SUR | L3: MIXCOAC | M3: 150 | N3: 0 | O3: 0 | P3: 0 | Q3: 0 | R3: 150 | S3: PAQUETE $389 | T3: POSTEO | U3: 10000064 | Y3: 2026-04-06 | AC3: Servicios-14-2026(1).csv
A4: SIAC 2P | B4: 151419967 | C4: 10000064 | D4: TCSRLOJE | E4: EDGAR DAVID LOVERA JUAREZ | F4: 348485 | G4: 5558416979 | H4: 23788939 | I4: 0000-00-00 | K4: METRO-SUR | L4: ERMITA-TLAHUAC | M4: 150 | N4: 0 | O4: 0 | P4: 0 | Q4: 0 | R4: 150 | S4: INFINITUM SOLO INTERNET $349 | T4: POSTEO | U4: 10000064 | Y4: 2026-04-06 | AC4: Servicios-14-2026(1).csv
A5: SIAC 2P | B5: 151419851 | C5: 10000064 | D5: TCSRLOJE | E5: EDGAR DAVID LOVERA JUAREZ | F5: 348485 | G5: 5558415444 | H5: 23788517 | I5: 0000-00-00 | K5: METRO-SUR | L5: ERMITA-TLAHUAC | M5: 150 | N5: 0 | O5: 0 | P5: 0 | Q5: 0 | R5: 150 | S5: INFINITUM SOLO INTERNET $349 | T5: POSTEO | U5: 10000064 | Y5: 2026-04-06 | AC5: Servicios-14-2026(1).csv
A6: SIAC 2P | B6: 151417029 | C6: 10001013 | D6: TCSRLOJE | E6: EDGAR DAVID LOVERA JUAREZ | F6: 345495 | G6: 5558107022 | H6: 23802224 | I6: 0000-00-00 | K6: METRO-SUR | L6: METROPOLITANA | M6: 150 | N6: 0 | O6: 0 | P6: 0 | Q6: 0 | R6: 150 | S6: PAQUETE $389 | T6: POSTEO | U6: 10001013 | Y6: 2026-04-06 | AC6: Servicios-14-2026(1).csv
A7: SIAC 2P | B7: 151413164 | C7: 10000064 | D7: TCSRLOJE | E7: EDGAR DAVID LOVERA JUAREZ | F7: 352529 | G7: 5595608513 | H7: 23437284 | I7: 0000-00-00 | K7: METRO-SUR | L7: METROPOLITANA | M7: 150 | N7: 0 | O7: 0 | P7: 0 | Q7: 0 | R7: 150 | S7: PAQUETE INFINITUM NEGOCIO $649 | T7: POSTEO | U7: 10000064 | Y7: 2026-04-06 | AC7: Servicios-14-2026(1).csv
A8: SIAC 2P | B8: 151388573 | C8: 10001013 | D8: TCSRLOJE | E8: EDGAR DAVID LOVERA JUAREZ | F8: 351030 | G8: 5521569682 | H8: 22923355 | I8: 0000-00-00 | K8: METRO-SUR | L8: METROPOLITANA | M8: 0 | N8: 0 | O8: 50 | P8: 0 | Q8: 0 | R8: 50 | S8: PAQUETE $389 | T8: PAGO CLIENTE | U8: 10001013 | Y8: 2026-04-06 | AC8: Servicios-14-2026(1).csv
A9: SIAC 2P | B9: 151384434 | C9: 10000064 | D9: TCSRLOJE | E9: EDGAR DAVID LOVERA JUAREZ | F9: 346072 | G9: 5551626672 | H9: 22759030 | I9: 0000-00-00 | K9: METRO-SUR | L9: UNIVERSIDAD | M9: 0 | N9: 0 | O9: 50 | P9: 0 | Q9: 0 | R9: 50 | S9: INFINITUM SOLO INTERNET $449 | T9: PAGO CLIENTE | U9: 10000064 | Y9: 2026-04-06 | AC9: Servicios-14-2026(1).csv
A10: SIAC 2P | B10: 151381589 | C10: 10001013 | D10: TCSRLOJE | E10: EDGAR DAVID LOVERA JUAREZ | F10: 351030 | G10: 5522085628 | H10: 22726751 | I10: 0000-00-00 | K10: METRO-SUR | L10: UNIVERSIDAD | M10: 0 | N10: 0 | O10: 50 | P10: 0 | Q10: 0 | R10: 50 | S10: PAQUETE $389 | T10: PAGO CLIENTE | U10: 10001013 | Y10: 2026-04-06 | AC10: Servicios-14-2026(1).csv
A11: SIAC 2P | B11: 151243535 | C11: 10000064 | D11: TCSRLOJE | E11: EDGAR DAVID LOVERA JUAREZ | F11: 329069 | G11: 5559198037 | H11: 20964375 | I11: 0000-00-00 | K11: METRO-SUR | L11: UNIVERSIDAD | M11: 0 | N11: 0 | O11: 50 | P11: 0 | Q11: 0 | R11: 50 | S11: PAQUETE $389 | T11: PAGO CLIENTE | U11: 10000064 | Y11: 2026-04-06 | AC11: Servicios-14-2026(1).csv
A12: SIAC 2P | B12: 151375541 | C12: 10001013 | D12: TCSRLOJE | E12: EDGAR DAVID LOVERA JUAREZ | F12: 350677 | G12: 5593396508 | H12: 22624366 | I12: 0000-00-00 | K12: METRO-SUR | L12: METROPOLITANA | M12: 0 | N12: 0 | O12: 50 | P12: 0 | Q12: 0 | R12: 50 | S12: PAQUETE $389 | T12: PAGO CLIENTE | U12: 10001013 | Y12: 2026-04-06 | AC12: Servicios-14-2026(1).csv
A13: SIAC 2P | B13: 151368590 | C13: 10000064 | D13: TCSRLOJE | E13: EDGAR DAVID LOVERA JUAREZ | F13: 346072 | G13: 5591806859 | H13: 22640228 | I13: 0000-00-00 | K13: METRO-SUR | L13: METROPOLITANA | M13: 0 | N13: 0 | O13: 50 | P13: 0 | Q13: 0 | R13: 50 | S13: PAQUETE $435 | T13: PAGO CLIENTE | U13: 10000064 | Y13: 2026-04-06 | AC13: Servicios-14-2026(1).csv
... A141: SIAC 2P | B141: 151477245 | C141: 10000064 | D141: TCSRLOJE | E141: EDGAR DAVID LOVERA JUAREZ | F141: 346072 | G141: 5555556377 | H141: 24648164 | I141: 0000-00-00 | K141: METRO-SUR | L141: METROPOLITANA | M141: 150 | N141: 0 | O141: 0 | P141: 0 | Q141: 0 | R141: 150 | S141: PAQUETE $389 | T141: POSTEO | U141: 10000064 | Y141: 2026-05-11 | AC141: Servicios-19-2026(2).csv
A142: SIAC 2P | B142: 151489087 | C142: 10001013 | D142: TCSRLOJE | E142: EDGAR DAVID LOVERA JUAREZ | F142: 353923 | G142: 5522343856 | H142: 24779399 | I142: 0000-00-00 | M142: 150 | N142: 0 | O142: 0 | P142: 0 | Q142: 0 | R142: 150 | S142: INFINITUM NEGOCIO SOLO INTERNET $349 | T142: POSTEO | U142: 10001013 | Y142: 2026-05-11 | AC142: Servicios-19-2026(2).csv
A143: SIAC 2P | B143: 151472537 | C143: 10000064 | D143: TCSRLOJE | E143: EDGAR DAVID LOVERA JUAREZ | F143: 346072 | G143: 5523457529 | H143: 24648061 | I143: 0000-00-00 | K143: METRO-SUR | L143: METROPOLITANA | M143: 150 | N143: 0 | O143: 0 | P143: 0 | Q143: 0 | R143: 150 | S143: PAQUETE $389 | T143: POSTEO | U143: 10000064 | Y143: 2026-05-11 | AC143: Servicios-19-2026(2).csv
A144: SIAC 2P | B144: 151473856 | C144: 10000064 | D144: TCSRLOJE | E144: EDGAR DAVID LOVERA JUAREZ | F144: 346072 | G144: 5592882662 | H144: 24548366 | I144: 0000-00-00 | K144: METRO-SUR | L144: METROPOLITANA | M144: 150 | N144: 0 | O144: 0 | P144: 0 | Q144: 0 | R144: 150 | S144: PAQUETE $389 | T144: POSTEO | U144: 10000064 | Y144: 2026-05-11 | AC144: Servicios-19-2026(2).csv
A145: SIAC 2P | B145: 151451995 | C145: 10000064 | D145: TCSRLOJE | E145: EDGAR DAVID LOVERA JUAREZ | F145: 348485 | G145: 5555293997 | H145: 24171749 | I145: 0000-00-00 | K145: METRO-SUR | L145: LINDAVISTA | M145: 150 | N145: 0 | O145: 0 | P145: 0 | Q145: 0 | R145: 150 | S145: INFINITUM SOLO INTERNET $349 | T145: POSTEO | U145: 10000064 | Y145: 2026-05-11 | AC145: Servicios-19-2026(2).csv
A146: SIAC 2P | B146: 151440349 | C146: 10001013 | D146: TCSRLOJE | E146: EDGAR DAVID LOVERA JUAREZ | F146: 348467 | G146: 5576022147 | H146: 24022634 | I146: 2026-04-28 | K146: METRO-SUR | L146: METROPOLITANA | M146: 0 | N146: 0 | O146: 75 | P146: 0 | Q146: 0 | R146: 75 | S146: PAQUETE $389 | T146: PAGO CLIENTE MES 1 | U146: 10001013 | Y146: 2026-05-11 | AC146: Servicios-19-2026(2).csv
A147: SIAC 2P | B147: 151437027 | C147: 10000064 | D147: TCSRLOJE | E147: EDGAR DAVID LOVERA JUAREZ | F147: 346072 | G147: 5556752022 | H147: 24027548 | I147: 2026-04-27 | K147: METRO-SUR | L147: UNIVERSIDAD | M147: 0 | N147: 0 | O147: 75 | P147: 0 | Q147: 0 | R147: 75 | S147: PAQUETE $599 | T147: PAGO CLIENTE MES 1 | U147: 10000064 | Y147: 2026-05-11 | AC147: Servicios-19-2026(2).csv
A148: SIAC 2P | B148: 151364624 | C148: 10000064 | D148: TCSRLOJE | E148: EDGAR DAVID LOVERA JUAREZ | F148: 346126 | G148: 5554896077 | H148: 22615535 | I148: 2026-04-23 | K148: METRO-SUR | L148: METROPOLITANA | M148: 0 | N148: 0 | O148: 75 | P148: 0 | Q148: 0 | R148: 75 | S148: PAQUETE $389 | T148: PAGO CLIENTE MES 1 | U148: 10000064 | Y148: 2026-05-11 | AC148: Servicios-19-2026(2).csv
A149: SIAC 2P | B149: 151358405 | C149: 10001013 | D149: TCSRLOJE | E149: EDGAR DAVID LOVERA JUAREZ | F149: 345495 | G149: 5558621152 | H149: 22437453 | I149: 2026-05-03 | K149: METRO-SUR | L149: ERMITA-TLAHUAC | M149: 0 | N149: 0 | O149: 75 | P149: 0 | Q149: 0 | R149: 75 | S149: PAQUETE $389 | T149: PAGO CLIENTE MES 1 | U149: 10001013 | Y149: 2026-05-11 | AC149: Servicios-19-2026(2).csv
A150: SIAC 2P | B150: 151355829 | C150: 10001013 | D150: TCSRLOJE | E150: EDGAR DAVID LOVERA JUAREZ | F150: 348467 | G150: 5556458483 | H150: 22417743 | I150: 0000-00-00 | K150: METRO-SUR | L150: UNIVERSIDAD | M150: 150 | N150: 0 | O150: 0 | P150: 0 | Q150: 0 | R150: 150 | S150: PAQUETE $389 | T150: POSTEO | U150: 10001013 | Y150: 2026-05-11 | AC150: Servicios-19-2026(2).csv
A151: SIAC 2P | B151: 151492481 | C151: 10000064 | D151: TCSRLOJE | E151: EDGAR DAVID LOVERA JUAREZ | F151: 348485 | G151: 5555552285 | H151: 24828093 | I151: 2026-05-09 | K151: METRO-SUR | L151: UNIVERSIDAD | M151: 187 | N151: 0 | O151: 0 | P151: 0 | Q151: 0 | R151: 187 | S151: PAQUETE $389 | T151: POSTEO | U151: 10000064 | Y151: 2026-05-18 | AC151: Servicios-20-2026(1).csv
A152: SIAC 2P | B152: 151500396 | C152: 10000064 | D152: TCSRLOJE | E152: EDGAR DAVID LOVERA JUAREZ | F152: 352529 | G152: 5559495820 | H152: 25029561 | I152: 0000-00-00 | M152: 187 | N152: 0 | O152: 0 | P152: 0 | Q152: 0 | R152: 187 | S152: INFINITUM NEGOCIO SOLO INTERNET $349 | T152: POSTEO | U152: 10000064 | Y152: 2026-05-18 | AC152: Servicios-20-2026(1).csv
A153: SIAC 2P | B153: 151498103 | C153: 10001013 | D153: TCSRLOJE | E153: EDGAR DAVID LOVERA JUAREZ | F153: 353923 | G153: 5528729988 | H153: 24917652 | I153: 0000-00-00 | K153: METRO-SUR | L153: LINDAVISTA | M153: 187 | N153: 0 | O153: 0 | P153: 0 | Q153: 0 | R153: 187 | S153: PAQUETE $389 | T153: POSTEO | U153: 10001013 | Y153: 2026-05-18 | AC153: Servicios-20-2026(1).csv
A154: SIAC 2P | B154: 151497756 | C154: 10001013 | D154: TCSRLOJE | E154: EDGAR DAVID LOVERA JUAREZ | F154: 353923 | G154: 5557578615 | H154: 25038506 | I154: 0000-00-00 | K154: METRO-SUR | L154: LINDAVISTA | M154: 187 | N154: 0 | O154: 0 | P154: 0 | Q154: 0 | R154: 187 | S154: PAQUETE $389 | T154: POSTEO | U154: 10001013 | Y154: 2026-05-18 | AC154: Servicios-20-2026(1).csv
A155: SIAC 2P | B155: 151496895 | C155: 10001013 | D155: TCSRLOJE | E155: EDGAR DAVID LOVERA JUAREZ | F155: 353923 | G155: 5559197065 | H155: 25038507 | I155: 0000-00-00 | K155: METRO-SUR | L155: BALBUENA | M155: 187 | N155: 0 | O155: 0 | P155: 0 | Q155: 0 | R155: 187 | S155: PAQUETE $389 | T155: POSTEO | U155: 10001013 | Y155: 2026-05-18 | AC155: Servicios-20-2026(1).csv
A156: SIAC 2P | B156: 151496325 | C156: 10000064 | D156: TCSRLOJE | E156: EDGAR DAVID LOVERA JUAREZ | F156: 352529 | G156: 5528395750 | H156: 24890289 | I156: 0000-00-00 | K156: METRO-SUR | L156: ERMITA-TLAHUAC | M156: 187 | N156: 0 | O156: 0 | P156: 0 | Q156: 0 | R156: 187 | S156: INFINITUM NEGOCIO SOLO INTERNET $349 | T156: POSTEO | U156: 10000064 | Y156: 2026-05-18 | AC156: Servicios-20-2026(1).csv
A157: SIAC 2P | B157: 151494524 | C157: 10001013 | D157: TCSRLOJE | E157: EDGAR DAVID LOVERA JUAREZ | F157: 353923 | G157: 5572587959 | H157: 24851283 | I157: 2026-05-09 | K157: METRO-SUR | L157: BALBUENA | M157: 187 | N157: 0 | O157: 0 | P157: 0 | Q157: 0 | R157: 187 | S157: PAQUETE $435 | T157: POSTEO | U157: 10001013 | Y157: 2026-05-18 | AC157: Servicios-20-2026(1).csv
A158: SIAC 2P | B158: 151494294 | C158: 10000064 | D158: TCSRLOJE | E158: EDGAR DAVID LOVERA JUAREZ | F158: 348485 | G158: 5522085767 | H158: 24850674 | I158: 2026-05-09 | K158: METRO-SUR | L158: UNIVERSIDAD | M158: 187 | N158: 0 | O158: 0 | P158: 0 | Q158: 0 | R158: 187 | S158: PAQUETE $389 | T158: POSTEO | U158: 10000064 | Y158: 2026-05-18 | AC158: Servicios-20-2026(1).csv
A159: SIAC 2P | B159: 151494092 | C159: 10001013 | D159: TCSRLOJE | E159: EDGAR DAVID LOVERA JUAREZ | F159: 353923 | G159: 5552446486 | H159: 24851700 | I159: 2026-05-09 | K159: METRO-SUR | L159: BALBUENA | M159: 187 | N159: 0 | O159: 85 | P159: 0 | Q159: 0 | R159: 272 | S159: PAQUETE $389 | T159: POSTEO, PAGO CLIENTE MES 1 | U159: 10001013 | Y159: 2026-05-18 | AC159: Servicios-20-2026(1).csv
A160: SIAC 2P | B160: 151492967 | C160: 10000064 | D160: TCSRLOJE | E160: EDGAR DAVID LOVERA JUAREZ | F160: 348485 | G160: 5555556825 | H160: 24829026 | I160: 0000-00-00 | M160: 187 | N160: 0 | O160: 0 | P160: 0 | Q160: 0 | R160: 187 | S160: PAQUETE $389 | T160: POSTEO | U160: 10000064 | Y160: 2026-05-18 | AC160: Servicios-20-2026(1).csv
A161: SIAC 2P | B161: 151451990 | C161: 10001013 | D161: TCSRLOJE | E161: EDGAR DAVID LOVERA JUAREZ | F161: 348467 | G161: 5594643293 | H161: 24193581 | I161: 2026-04-17 | K161: METRO-SUR | L161: METROPOLITANA | M161: 0 | N161: 0 | O161: 85 | P161: 0 | Q161: 0 | R161: 85 | S161: PAQUETE $389 | T161: PAGO CLIENTE MES 1 | U161: 10001013 | Y161: 2026-05-18 | AC161: Servicios-20-2026(1).csv
A162: SIAC 2P | B162: 151492435 | C162: 10000064 | D162: TCSRLOJE | E162: EDGAR DAVID LOVERA JUAREZ | F162: 346072 | G162: 5511072850 | H162: 24837847 | I162: 2026-05-09 | K162: METRO-SUR | L162: ERMITA-TLAHUAC | M162: 187 | N162: 0 | O162: 0 | P162: 0 | Q162: 0 | R162: 187 | S162: INFINITUM SOLO INTERNET $349 | T162: POSTEO | U162: 10000064 | Y162: 2026-05-18 | AC162: Servicios-20-2026(1).csv
A163: SIAC 2P | B163: 151492357 | C163: 10000064 | D163: TCSRLOJE | E163: EDGAR DAVID LOVERA JUAREZ | F163: 348485 | G163: 5555556438 | H163: 24828526 | I163: 2026-05-09 | K163: METRO-SUR | L163: UNIVERSIDAD | M163: 187 | N163: 0 | O163: 0 | P163: 0 | Q163: 0 | R163: 187 | S163: PAQUETE $389 | T163: POSTEO | U163: 10000064 | Y163: 2026-05-18 | AC163: Servicios-20-2026(1).csv
A164: SIAC 2P | B164: 151490113 | C164: 10000064 | D164: TCSRLOJE | E164: EDGAR DAVID LOVERA JUAREZ | F164: 346072 | G164: 5552661949 | H164: 24845879 | I164: 0000-00-00 | K164: METRO-SUR | L164: UNIVERSIDAD | M164: 187 | N164: 0 | O164: 0 | P164: 0 | Q164: 0 | R164: 187 | S164: PAQUETE $389 | T164: POSTEO | U164: 10000064 | Y164: 2026-05-18 | AC164: Servicios-20-2026(1).csv
A165: SIAC 2P | B165: 151488756 | C165: 10000064 | D165: TCSRLOJE | E165: EDGAR DAVID LOVERA JUAREZ | F165: 346072 | G165: 5592144774 | H165: 24776504 | I165: 0000-00-00 | M165: 187 | N165: 0 | O165: 0 | P165: 0 | Q165: 0 | R165: 187 | S165: PAQUETE $389 | T165: POSTEO | U165: 10000064 | Y165: 2026-05-18 | AC165: Servicios-20-2026(1).csv
A166: SIAC 2P | B166: 151487136 | C166: 10001013 | D166: TCSRLOJE | E166: EDGAR DAVID LOVERA JUAREZ | F166: 353923 | G166: 5594606249 | H166: 25023303 | I166: 0000-00-00 | K166: METRO-SUR | L166: METROPOLITANA | M166: 187 | N166: 0 | O166: 0 | P166: 0 | Q166: 0 | R166: 187 | S166: PAQUETE $599 | T166: POSTEO | U166: 10001013 | Y166: 2026-05-18 | AC166: Servicios-20-2026(1).csv
A167: SIAC 2P | B167: 151486768 | C167: 10000064 | D167: TCSRLOJE | E167: EDGAR DAVID LOVERA JUAREZ | F167: 346072 | G167: 5528393212 | H167: 24867956 | I167: 2026-05-09 | K167: METRO-SUR | L167: METROPOLITANA | M167: 187 | N167: 0 | O167: 0 | P167: 0 | Q167: 0 | R167: 187 | S167: PAQUETE $435 | T167: POSTEO | U167: 10000064 | Y167: 2026-05-18 | AC167: Servicios-20-2026(1).csv
A168: SIAC 2P | B168: 151470043 | C168: 10000064 | D168: TCSRLOJE | E168: EDGAR DAVID LOVERA JUAREZ | F168: 346072 | G168: 5556479906 | H168: 24921285 | I168: 0000-00-00 | K168: METRO-SUR | L168: METROPOLITANA | M168: 187 | N168: 0 | O168: 0 | P168: 0 | Q168: 0 | R168: 187 | S168: PAQUETE $389 | T168: POSTEO | U168: 10000064 | Y168: 2026-05-18 | AC168: Servicios-20-2026(1).csv
A169: SIAC 2P | B169: 151460739 | C169: 10000064 | D169: TCSRLOJE | E169: EDGAR DAVID LOVERA JUAREZ | F169: 346072 | G169: 5527910658 | H169: 24472161 | I169: 2026-04-23 | K169: METRO-SUR | L169: ECATEPEC | M169: 0 | N169: 0 | O169: 85 | P169: 0 | Q169: 0 | R169: 85 | S169: PAQUETE $499 | T169: PAGO CLIENTE MES 1 | U169: 10000064 | Y169: 2026-05-18 | AC169: Servicios-20-2026(1).csv
A170: SIAC 2P | B170: 151456274 | C170: 10000064 | D170: TCSRLOJE | E170: EDGAR DAVID LOVERA JUAREZ | F170: 346072 | G170: 5524665347 | H170: 24472122 | I170: 2026-04-23 | K170: METRO-SUR | L170: METROPOLITANA | M170: 0 | N170: 0 | O170: 85 | P170: 0 | Q170: 0 | R170: 85 | S170: PAQUETE $389 | T170: PAGO CLIENTE MES 1 | U170: 10000064 | Y170: 2026-05-18 | AC170: Servicios-20-2026(1).csv
A171: SIAC 2P | B171: 151437088 | C171: 10000064 | D171: TCSRLOJE | E171: EDGAR DAVID LOVERA JUAREZ | F171: 346072 | G171: 5556412654 | H171: 24011181 | I171: 0000-00-00 | K171: METRO-SUR | L171: UNIVERSIDAD | M171: 37 | N171: 0 | O171: 0 | P171: 0 | Q171: 0 | R171: 37 | S171: PAQUETE $389 | T171: AJUSTE POSTEO | U171: 10000064 | Y171: 2026-05-27 | AC171: Servicios-21-2026.csv
A172: SIAC 2P | B172: 151509706 | C172: 10000064 | D172: TCSRLOJE | E172: EDGAR DAVID LOVERA JUAREZ | F172: 352529 | G172: 5559106743 | H172: 25152520 | I172: 0000-00-00 | K172: METRO-SUR | L172: ECATEPEC | M172: 187 | N172: 0 | O172: 0 | P172: 0 | Q172: 0 | R172: 187 | S172: PAQUETE $389 | T172: POSTEO | U172: 10000064 | Y172: 2026-05-27 | AC172: Servicios-21-2026.csv
A173: SIAC 2P | B173: 151428281 | C173: 10001013 | D173: TCSRLOJE | E173: EDGAR DAVID LOVERA JUAREZ | F173: 345495 | G173: 5558598699 | H173: 23900873 | I173: 0000-00-00 | K173: METRO-SUR | L173: ERMITA-TLAHUAC | M173: 37 | N173: 0 | O173: 0 | P173: 0 | Q173: 0 | R173: 37 | S173: PAQUETE $389 | T173: AJUSTE POSTEO | U173: 10001013 | Y173: 2026-05-27 | AC173: Servicios-21-2026.csv
A174: SIAC 2P | B174: 151428315 | C174: 10001013 | D174: TCSRLOJE | E174: EDGAR DAVID LOVERA JUAREZ | F174: 345495 | G174: 5575829858 | H174: 23871005 | I174: 0000-00-00 | K174: METRO-SUR | L174: METROPOLITANA | M174: 37 | N174: 0 | O174: -3.335 | P174: 0 | Q174: 0 | R174: 33.665 | S174: PAQUETE $389 | T174: AJUSTE POSTEO, AJUSTE PAGO CLIENTE MES 1 | U174: 10001013 | Y174: 2026-05-27 | AC174: Servicios-21-2026.csv
A175: SIAC 2P | B175: 151428390 | C175: 10001013 | D175: TCSRLOJE | E175: EDGAR DAVID LOVERA JUAREZ | F175: 345495 | G175: 5558409514 | H175: 23901523 | I175: 0000-00-00 | K175: METRO-SUR | L175: ERMITA-TLAHUAC | M175: 37 | N175: 0 | O175: 0 | P175: 0 | Q175: 0 | R175: 37 | S175: PAQUETE $389 | T175: AJUSTE POSTEO | U175: 10001013 | Y175: 2026-05-27 | AC175: Servicios-21-2026.csv
A176: SIAC 2P | B176: 151428398 | C176: 10001013 | D176: TCSRLOJE | E176: EDGAR DAVID LOVERA JUAREZ | F176: 348467 | G176: 5558434222 | H176: 23901714 | I176: 0000-00-00 | K176: METRO-SUR | L176: ERMITA-TLAHUAC | M176: 37 | N176: 0 | O176: 0 | P176: 0 | Q176: 0 | R176: 37 | S176: PAQUETE $389 | T176: AJUSTE POSTEO | U176: 10001013 | Y176: 2026-05-27 | AC176: Servicios-21-2026.csv
A177: SIAC 2P | B177: 151428449 | C177: 10000064 | D177: TCSRLOJE | E177: EDGAR DAVID LOVERA JUAREZ | F177: 348485 | G177: 5552760252 | H177: 23872387 | I177: 0000-00-00 | K177: METRO-SUR | L177: MIXCOAC | M177: 37 | N177: 0 | O177: 0 | P177: 0 | Q177: 0 | R177: 37 | S177: PAQUETE $389 | T177: AJUSTE POSTEO | U177: 10000064 | Y177: 2026-05-27 | AC177: Servicios-21-2026.csv
... A228: SIAC 2P | B228: 151498147 | C228: 10001013 | D228: TCSRLOJE | E228: EDGAR DAVID LOVERA JUAREZ | F228: 353923 | G228: 5557531464 | H228: 25089804 | I228: 0000-00-00 | K228: METRO-SUR | L228: LINDAVISTA | M228: 187 | N228: 0 | O228: 0 | P228: 0 | Q228: 0 | R228: 187 | S228: PAQUETE $389 | T228: POSTEO | U228: 10001013 | Y228: 2026-05-27 | AC228: Servicios-21-2026.csv
A229: SIAC 2P | B229: 151499972 | C229: 10000064 | D229: TCSRLOJE | E229: EDGAR DAVID LOVERA JUAREZ | F229: 348485 | G229: 5597579781 | H229: 25028260 | I229: 0000-00-00 | M229: 187 | N229: 0 | O229: 0 | P229: 0 | Q229: 0 | R229: 187 | S229: PAQUETE $389 | T229: POSTEO | U229: 10000064 | Y229: 2026-05-27 | AC229: Servicios-21-2026.csv
A230: SIAC 2P | B230: 151500819 | C230: 10000064 | D230: TCSRLOJE | E230: EDGAR DAVID LOVERA JUAREZ | F230: 352529 | G230: 5511851982 | H230: 25134907 | I230: 0000-00-00 | K230: METRO-SUR | L230: MIXCOAC | M230: 187 | N230: 0 | O230: 0 | P230: 0 | Q230: 0 | R230: 187 | S230: PAQUETE $389 | T230: POSTEO | U230: 10000064 | Y230: 2026-05-27 | AC230: Servicios-21-2026.csv
A231: SIAC 2P | B231: 151501478 | C231: 10000064 | D231: TCSRLOJE | E231: EDGAR DAVID LOVERA JUAREZ | F231: 352529 | G231: 5555557325 | H231: 25047514 | I231: 0000-00-00 | K231: METRO-SUR | L231: UNIVERSIDAD | M231: 187 | N231: 0 | O231: 0 | P231: 0 | Q231: 0 | R231: 187 | S231: INFINITUM NEGOCIO SOLO INTERNET $349 | T231: POSTEO | U231: 10000064 | Y231: 2026-05-27 | AC231: Servicios-21-2026.csv
A232: SIAC 2P | B232: 151501574 | C232: 10000064 | D232: TCSRLOJE | E232: EDGAR DAVID LOVERA JUAREZ | F232: 352529 | G232: 5524605072 | H232: 25135115 | I232: 0000-00-00 | K232: METRO-SUR | L232: UNIVERSIDAD | M232: 187 | N232: 0 | O232: 0 | P232: 0 | Q232: 0 | R232: 187 | S232: PAQUETE $389 | T232: POSTEO | U232: 10000064 | Y232: 2026-05-27 | AC232: Servicios-21-2026.csv
A233: SIAC 2P | B233: 151501625 | C233: 10000064 | D233: TCSRLOJE | E233: EDGAR DAVID LOVERA JUAREZ | F233: 352529 | G233: 5555557386 | H233: 25047591 | I233: 0000-00-00 | K233: METRO-SUR | L233: UNIVERSIDAD | M233: 187 | N233: 0 | O233: 0 | P233: 0 | Q233: 0 | R233: 187 | S233: INFINITUM SOLO INTERNET $349 | T233: POSTEO | U233: 10000064 | Y233: 2026-05-27 | AC233: Servicios-21-2026.csv
A234: SIAC 2P | B234: 151503589 | C234: 10000064 | D234: TCSRLOJE | E234: EDGAR DAVID LOVERA JUAREZ | F234: 348485 | G234: 5555557194 | H234: 25179654 | I234: 0000-00-00 | K234: METRO-SUR | L234: UNIVERSIDAD | M234: 187 | N234: 0 | O234: 0 | P234: 0 | Q234: 0 | R234: 187 | S234: PAQUETE $389 | T234: POSTEO | U234: 10000064 | Y234: 2026-05-27 | AC234: Servicios-21-2026.csv
A235: SIAC 2P | B235: 151505747 | C235: 10001013 | D235: TCSRLOJE | E235: EDGAR DAVID LOVERA JUAREZ | F235: 353923 | G235: 5596368059 | H235: 25094449 | I235: 0000-00-00 | K235: METRO-SUR | L235: LINDAVISTA | M235: 187 | N235: 0 | O235: 0 | P235: 0 | Q235: 0 | R235: 187 | S235: PAQUETE $389 | T235: POSTEO | U235: 10001013 | Y235: 2026-05-27 | AC235: Servicios-21-2026.csv
A236: SIAC 2P | B236: 151505801 | C236: 10001013 | D236: TCSRLOJE | E236: EDGAR DAVID LOVERA JUAREZ | F236: 353923 | G236: 5559497917 | H236: 25097040 | I236: 0000-00-00 | K236: METRO-SUR | L236: TEXCOCO-ZARAGOZA | M236: 187 | N236: 0 | O236: 0 | P236: 0 | Q236: 0 | R236: 187 | S236: INFINITUM NEGOCIO SOLO INTERNET $349 | T236: POSTEO | U236: 10001013 | Y236: 2026-05-27 | AC236: Servicios-21-2026.csv
A237: SIAC 2P | B237: 151507513 | C237: 10000064 | D237: TCSRLOJE | E237: EDGAR DAVID LOVERA JUAREZ | F237: 352529 | G237: 5557536983 | H237: 25179715 | I237: 0000-00-00 | K237: METRO-SUR | L237: LINDAVISTA | M237: 187 | N237: 0 | O237: 0 | P237: 0 | Q237: 0 | R237: 187 | S237: PAQUETE $389 | T237: POSTEO | U237: 10000064 | Y237: 2026-05-27 | AC237: Servicios-21-2026.csv
A238: SIAC 2P | B238: 151460687 | C238: 10000064 | D238: TCSRLOJE | E238: EDGAR DAVID LOVERA JUAREZ | F238: 348485 | G238: 5526505112 | H238: 24298269 | I238: 0000-00-00 | K238: METRO-SUR | L238: SOTELO | M238: 37 | N238: 0 | O238: 10 | P238: 0 | Q238: 0 | R238: 47 | S238: INFINITUM SOLO INTERNET $349 | T238: AJUSTE POSTEO, AJUSTE PAGO CLIENTE MES 1 | U238: 10000064 | Y238: 2026-05-27 | AC238: Servicios-21-2026.csv
A239: SIAC 2P | B239: 151443822 | C239: 10001013 | D239: TCSRLOJE | E239: EDGAR DAVID LOVERA JUAREZ | F239: 348467 | G239: 5526504233 | H239: 24212550 | I239: 0000-00-00 | K239: METRO-SUR | L239: METROPOLITANA | M239: 37 | N239: 0 | O239: 0 | P239: 0 | Q239: 0 | R239: 37 | S239: PAQUETE $389 | T239: AJUSTE POSTEO | U239: 10001013 | Y239: 2026-05-27 | AC239: Servicios-21-2026.csv
A240: SIAC 2P | B240: 151443918 | C240: 10001013 | D240: TCSRLOJE | E240: EDGAR DAVID LOVERA JUAREZ | F240: 348467 | G240: 5515592087 | H240: 24068820 | I240: 0000-00-00 | K240: METRO-SUR | L240: MIXCOAC | M240: 37 | N240: 0 | O240: 0 | P240: 0 | Q240: 0 | R240: 37 | S240: PAQUETE $435 | T240: AJUSTE POSTEO | U240: 10001013 | Y240: 2026-05-27 | AC240: Servicios-21-2026.csv
A241: SIAC 2P | B241: 151445871 | C241: 10001013 | D241: TCSRLOJE | E241: EDGAR DAVID LOVERA JUAREZ | F241: 348467 | G241: 5554259354 | H241: 24135942 | I241: 0000-00-00 | K241: METRO-SUR | L241: MIXCOAC | M241: 37 | N241: 0 | O241: 0 | P241: 0 | Q241: 0 | R241: 37 | S241: PAQUETE $389 | T241: AJUSTE POSTEO | U241: 10001013 | Y241: 2026-05-27 | AC241: Servicios-21-2026.csv
... A259: SIAC 2P | B259: 151465310 | C259: 10000064 | D259: TCSRLOJE | E259: EDGAR DAVID LOVERA JUAREZ | F259: 346072 | G259: 5557727376 | H259: 24498715 | I259: 0000-00-00 | K259: METRO-SUR | L259: METROPOLITANA | M259: 37 | N259: 0 | O259: 0 | P259: 0 | Q259: 0 | R259: 37 | S259: PAQUETE $389 | T259: AJUSTE POSTEO | U259: 10000064 | Y259: 2026-05-27 | AC259: Servicios-21-2026.csv
